id,ID1,ID2,ID3,ID4,ID5,ID6,ID7,ID8,ID9,ID10,ID11,ID12,ID13,ID14,ID15,ID16,ID17,ID18,ID19,ID20,ID21,ID22,ID23,ID24,ID25,ID26,ID27,ID28,ID29,ID30,ID31,ID32,ID33,ID34,ID35,ID36,ID37,ID38,ID39,ID40,ID41,ID42,ID43,ID44,ID45,ID46,ID47,ID48,ID49,ID50,ID51,ID52,ID53,ID54,ID55,ID56,ID57,ID58,ID59,ID60,ID61,ID62,ID63,ID64,ID65,ID66,ID67,ID68,ID69,ID70,ID71,ID72,ID73,ID74,ID75,ID76,ID77,ID78,ID79,ID80,ID81,ID82,ID83,ID84,ID85,ID86,ID87,ID88,ID89,ID90
y,1,1,1,1,1,1,1,1,1,1,1,1,1,1,1,1,1,1,1,1,1,1,1,1,1,1,1,1,1,1,1,1,1,1,1,1,1,1,1,1,1,1,1,1,1,0,0,0,0,0,0,0,0,0,0,0,0,0,0,0,0,0,0,0,0,0,0,0,0,0,0,0,0,0,0,0,0,0,0,0,0,0,0,0,0,0,0,0,0,0
P1,3.6085323,2.5672787,1.9580612,2.3065237,2.6484708,2.3723047,3.6888358,2.1074185,2.2578697,2.7432507,5.0203928,2.8403916,2.6556484,3.0867324,0.2119156,2.4459656,3.1674294,2.7865509,0.5962354,2.7889205,2.5792542,2.8381917,1.6835091,2.6461825,1.3591674,2.0130453,1.4586244,3.1820412,2.9230465,3.5994193,2.2212714,3.1238512,3.4337091,3.1204298,3.3963025,2.995455,3.268478,3.1594815,2.5681506,2.7688338,2.8624854,3.6278044,3.9192162,2.6146447,1.4162955,2.8642634,2.4811225,1.6266537,2.2156828,2.7075652,2.3157414,2.6218079,1.7848444,2.1600756,1.6869138,3.0996067,2.425848,2.4762298,2.6701616,0.1745417,2.4516265,0.9184892,1.7343915,1.2122006,1.2379203,2.7934628,2.0597512,1.9236759,0.9238554,0.9624838,1.8345008,1.8388859,2.3780925,2.601053,2.2938809,1.0097747,3.4896458,2.8038165,2.9657062,2.8891426,2.8549555,2.4364295,3.290621,4.0355734,3.1572558,2.3025114,2.3234339,1.9619717,0.9215465,1.3727355
P2,5.241362,4.108392,3.771487,5.077182,4.761087,5.566393,5.46735,4.404554,4.18875,4.922541,6.504951,5.809784,5.095055,5.994014,3.222726,5.087458,4.935899,5.370959,3.646543,5.350466,5.256793,4.360101,4.163568,2.900666,4.748011,3.972251,1.96853,4.532976,4.702919,5.683496,4.975052,4.454526,3.806535,5.303441,4.187216,4.978003,5.186915,5.400059,3.66386,4.190675,5.297392,3.777462,4.051414,3.710505,3.581322,4.692013,3.695572,4.224639,3.656304,5.427078,3.635639,4.756091,5.221213,3.767096,4.507746,5.850257,3.355958,6.032404,5.318033,1.011329,5.526971,2.617718,4.925834,3.642707,3.204949,4.347528,4.349727,4.42168,4.350534,3.826006,4.468059,2.168217,4.679991,5.025992,3.842734,3.13329,5.010792,4.199234,5.786295,4.969465,4.1918,5.159463,6.013503,4.866775,5.214134,3.777492,3.455052,3.887891,2.177438,1.753097
P3,3.6340145,3.0202006,2.2561522,2.2921861,3.360651,3.6788159,3.7148028,2.2117949,2.9031651,2.8679316,4.4408108,3.0203957,2.9821894,3.1909263,0.5284696,2.3066926,2.8803733,2.9353439,0.8814725,2.7588535,2.6494012,2.5740822,1.4966719,2.3489809,2.4732242,1.6572254,1.1348693,2.9797347,2.4753172,2.8936074,2.5746215,2.1966418,3.3685288,2.6786242,2.7166114,2.4498976,3.509043,3.2021694,2.6426365,2.4385838,2.6862635,2.8343076,3.1215367,2.5588468,1.6742014,3.1271849,3.2834699,2.1675387,2.2742588,2.8473389,3.1692775,2.7603472,2.5945454,2.1910279,1.9128754,3.3655405,2.0492685,3.2527561,2.5430525,0.1427502,2.8416001,0.4397862,1.9971291,1.3264029,0.7735768,3.622174,2.0269462,2.2632364,1.0544231,1.255669,2.5078313,1.4984569,2.4694866,3.5839154,1.6320369,1.1453439,3.5294424,3.0380636,4.937435,2.7224259,2.8114264,2.2666724,3.5917505,4.6215712,2.9012055,2.2791096,4.4346911,1.8430827,0.7108561,1.3391094
P4,2.662249631,1.841527466,1.119396556,1.265641001,1.990896245,1.782963346,2.948115939,1.323956692,1.367013588,1.692786361,3.735958997,2.061211134,1.871850747,2.2007179,-0.879548855,1.479081521,2.408775724,1.931616968,-0.452749649,1.743251834,1.47559953,1.662353372,0.70319793,1.665840764,1.126193653,1.236878462,0.676278165,1.883492567,1.590660916,1.992412335,1.248933808,1.705048935,2.481678144,1.683361236,2.017825615,1.891519604,2.47960568,2.077084362,2.08652232,1.539366747,1.716577916,2.744704894,2.673065818,1.624453597,0.410613586,2.306463202,1.704695935,0.893126907,1.227788646,1.980847923,1.398994454,1.983244905,1.161560043,1.300355235,0.870696751,2.428870068,1.635290757,2.141368655,2.133789155,-0.852415326,1.903453772,-0.210385163,0.96818861,0.207028014,0.005977029,1.619082361,1.689615081,1.178562747,0.030895705,-0.085511845,1.383532572,0.847503883,1.080910496,1.196566107,1.162382421,0.114500735,2.379502798,1.738326356,1.783851081,1.720158158,1.667576398,1.278743444,2.286221684,3.58020784,2.288900354,1.496952187,1.343677511,0.977622959,-0.305534272,0.536774264
P5,3.419588774,2.380280194,3.118578121,2.00339982,2.388834242,1.82734613,3.215079644,1.478725001,1.800424363,2.140685256,4.229151773,2.157302447,2.208892749,2.694392338,0.003057133,1.667136104,2.455442646,1.94534273,0.330063806,2.238502569,1.958998437,2.057423214,1.224914636,2.599331696,0.748915506,1.421267728,0.925215147,2.250230704,2.630090592,3.158642413,1.603695273,2.817251163,3.490303683,2.662201725,3.193528181,2.76115527,2.762878584,2.426314602,1.685563406,2.059628184,2.505953042,3.239091727,3.469303003,2.653506117,1.406209518,2.566303068,2.301183405,1.22645636,1.825510057,2.234464555,1.834516086,2.124387141,1.380326583,1.568348088,0.928441084,2.655577628,1.895104937,1.967993933,1.909948846,-0.093774452,1.90780932,0.783053453,1.326066548,0.761819873,0.676975315,1.501159239,1.716494006,1.258564754,0.366795276,0.543137863,1.557818877,1.397570486,1.768862471,2.042915023,1.774400901,0.479737139,3.216167687,2.4082306,2.444858986,2.584066873,2.464416881,2.093867073,2.705390759,3.387779411,2.83416494,1.69263994,1.527224053,2.033161424,0.603937666,1.457674692
P6,3.52369283,2.39434181,1.82674233,2.16154555,2.49617909,2.17960857,3.38251482,1.87467174,2.09096061,2.32015322,4.61666276,2.72901864,2.59411583,4.20942966,-0.214304,2.19463034,2.95442271,2.37152982,0.37844996,2.62794073,2.54725612,2.36580447,1.34517115,2.80596796,1.73995473,1.69305962,1.13320269,2.71744214,2.64193269,3.29006398,1.6381061,2.80226312,3.24296909,2.7192097,3.07193766,2.95403825,2.91794513,2.61289633,2.16239104,2.32850286,2.81822041,3.4875317,3.45271847,2.28519118,1.05647176,2.61095603,2.25062915,1.36941068,2.41075185,3.08701647,2.03707563,2.8827451,1.72802684,2.03217023,1.34697556,3.14703875,2.71609821,2.3894021,2.63051394,-0.08519116,2.20614816,0.85418147,1.61538973,1.07202731,1.00331976,1.75194503,1.92798256,1.4232605,0.60176376,0.59381836,1.8663697,1.40631616,2.21818197,1.97668096,1.68898539,0.64942032,3.08795188,2.42013959,2.36811594,2.46152475,2.39052758,2.05665192,2.71478348,3.53135419,2.81833178,1.84274994,1.56633087,1.60290783,0.21110013,1.24122526
P7,2.9533845,2.53646326,1.91779917,1.82200606,2.61743979,2.96780423,3.61917806,2.72303787,2.03137335,2.67273195,4.02369644,1.83777625,2.68015723,2.75776009,0.07982264,2.5983825,2.88522177,3.14254224,0.19780297,2.78996387,2.09609525,3.57470432,1.49382952,1.8602515,2.5304486,2.37954657,1.75609426,2.85959567,2.42873603,2.98114476,2.70583126,2.48155576,3.403812,2.60231915,2.97136096,2.55720993,3.95094185,3.03377903,2.62969378,2.93466078,3.09613487,1.77591354,2.82320945,2.46608795,1.20864558,2.64865888,2.78217421,1.62276601,1.80076016,3.10477668,2.22275581,2.84798422,2.36097874,2.43683575,1.27114313,3.147721,1.90097901,2.84638812,2.86038635,-0.09932778,3.00952791,0.97286863,2.42969473,1.33947607,1.53141396,2.93462342,2.74157659,2.75257148,0.99025224,1.30347522,2.48017895,1.65605029,3.15049752,2.3387775,2.48511174,1.52073577,3.51315885,3.09215365,3.408655,3.36609876,3.42336846,2.42039968,3.6319539,4.93644411,2.95778671,2.57186937,1.95490005,1.48208143,0.7211563,1.14400209
P8,3.5928213,3.0457329,2.4321655,2.1312422,2.9907554,3.1208029,3.9357529,2.7739019,2.1769916,2.9433296,4.1657676,1.7707159,3.0459739,2.9670263,0.7189601,2.6118774,2.8837653,3.4330268,0.4257016,3.2147205,2.2322072,3.3225281,1.4345653,1.89823,2.7738288,2.5082085,1.743143,2.7647253,2.5198888,3.1634031,2.8310388,2.5631898,3.5877557,2.7767093,3.0631449,2.8325407,4.1401568,3.092316,2.7431509,3.1132988,2.7394276,1.9362132,2.5881203,2.3207154,1.3146994,3.1196647,3.2507671,2.3890726,2.0978328,3.524319,2.258189,3.2172505,3.6641436,2.5583371,1.9028163,3.4768377,2.2451682,3.1227909,2.7574921,0.3694069,2.8830521,1.1770375,2.4572053,1.546927,1.9941623,2.9112361,2.8617651,3.0409677,0.9873167,1.4778019,2.747908,1.678854,3.3263263,2.2196149,2.4653506,1.8460863,3.5137297,3.2601834,3.5020237,3.5248221,3.4369724,2.3790092,4.1154055,4.9225053,2.8367974,2.5991394,2.1170066,1.5364941,0.5899767,1.2500162
P9,2.2996201,1.9812293,0.9931752,1.1871862,1.7823123,1.6828905,3.3403804,1.7905564,1.2068018,1.5979612,3.5422481,1.4676062,1.6720668,2.2519972,-0.3741542,2.3073415,2.7389628,2.5262446,-0.1432786,2.3134915,1.523212,2.6265134,1.1120735,1.9331922,1.7946006,1.6937179,1.0538503,2.6037789,2.0105553,2.4898002,1.5816003,2.2229416,2.7914161,2.2311037,2.5264281,2.2850683,3.1673783,2.1226239,2.4588592,2.4299693,2.7088408,2.2308601,1.9093849,1.4840144,0.1325423,1.8519906,1.7957219,1.2985808,1.1732738,1.8607726,1.2426941,1.8414802,1.4483566,1.4058954,0.8745946,2.2943947,1.4428529,1.9221098,1.965131,-0.4553168,2.3161532,0.3682447,1.7503994,1.3254082,0.7238851,2.3499824,1.9737182,2.2133704,0.763389,0.833887,1.74415,1.2221032,2.0899476,1.367444,1.6799816,0.5042104,2.722364,2.2443624,2.7125889,2.3276016,2.4884081,1.5236731,3.0281565,4.0479552,2.673099,2.0638441,1.3806079,0.9682887,-0.3950789,0.6054211
P10,2.6463971,2.1239653,1.4317,1.3306783,2.0451014,2.0963519,3.3649468,1.9531209,1.4098002,1.9659749,3.3938549,1.5487199,1.7645658,2.082585,-0.2000454,1.7895976,2.4223416,2.4659291,-0.1353965,2.0645446,1.0925625,2.5086269,0.8795889,1.5101767,1.9426329,1.7544765,0.9703464,2.2251317,1.8823869,2.2673045,1.6721303,1.7607225,2.8403864,1.8984418,2.3028228,1.972731,3.2400703,1.7874398,2.0311568,2.250232,2.3780409,2.0610594,2.0745198,1.8660596,0.5164866,2.3785893,2.290527,1.5110755,1.1686124,2.2447964,1.5275189,2.1011717,2.035394,1.8452242,0.8908956,2.6156282,1.589403,2.3136466,2.1541512,-0.5549064,2.0698772,0.1045318,1.5846525,1.2240208,0.3887179,2.0169611,1.8918777,2.221908,0.515783,0.735079,1.8322105,0.9701983,2.325903,1.2497797,1.4632729,0.5628003,2.6066239,2.341913,2.4177706,2.2166734,2.4467686,1.3656839,3.0107603,4.44992,2.4942084,1.9164944,1.4197573,0.8557036,-0.4070805,0.7549734
P11,2.8796446,2.4678257,1.8227285,1.7112989,2.7009033,2.7120758,3.9087578,2.1137303,1.9207108,2.4701857,4.0036035,1.9226029,2.679949,2.8683253,0.647573,2.5768734,2.9558929,3.3860816,0.2910861,3.0254669,2.2890774,3.5280152,1.3632398,1.9803466,2.5342297,2.312413,1.6926433,2.8416993,2.512286,2.9588842,2.5085422,2.6289521,3.5987826,2.8030833,3.1119832,2.9074276,3.7533622,2.9335404,2.6209066,2.731231,2.7047051,2.1484666,2.452239,1.9833336,0.68614,2.582438,2.3938668,1.9740939,2.0089099,2.8239382,2.1915388,2.835328,1.8686553,2.3206779,1.3406251,3.312541,2.1085639,3.0303845,2.5809815,0.2356415,2.7172571,1.1108265,2.4303202,1.6161366,1.5667525,2.5988982,2.8673787,2.7460865,1.1404163,1.5850115,2.4705986,1.427509,3.2634502,2.1039144,2.0879791,1.753792,3.5452499,3.1549245,3.4769272,3.5766636,3.4236539,2.1439793,3.6061462,4.5083761,2.710015,2.2743865,1.9506075,1.055557,0.2189836,0.9669706
P12,2.6898176,2.4944884,2.0408933,1.8341012,2.7717632,3.0693256,3.920798,2.295782,1.9970362,2.5198534,4.2494169,2.1163136,2.7610283,2.880814,0.7966556,2.4073401,3.0027889,3.463063,0.5768573,3.1231033,2.333152,3.6767288,1.4011487,2.3092281,2.4499618,2.3877027,1.6815364,3.0146257,2.6006528,3.0689599,2.930695,2.6863667,3.6831805,2.9190763,3.3119501,3.0021807,4.2091842,3.307947,2.9302265,3.1039687,2.9545654,2.1192991,2.7042642,2.268723,0.7912937,2.6634448,2.6588454,1.6536452,1.7643325,3.1397151,2.6314476,3.0151295,2.6003641,2.3048767,1.374627,3.2113825,2.2250458,2.8709933,2.7702428,0.3179626,2.8576055,1.1360179,2.5404202,1.8879545,1.8078844,2.9240401,2.9479523,2.8913771,1.0378889,1.5159222,2.5002213,1.4516459,3.1367297,2.5664297,2.279918,1.6384145,3.6990291,3.3716735,4.2735405,3.6920851,3.5495506,2.3922969,4.0612404,4.7891475,2.7460125,2.6322096,2.6684809,1.224275,0.1690039,1.2102444
P13,3.6795774,2.3962975,1.9681841,1.7246961,2.2594762,2.1705831,3.7505899,1.8751263,2.1205411,3.3539205,5.0227179,2.5754172,2.6941919,3.1304383,-0.6361424,2.526577,3.2864358,2.788885,-0.1555676,2.7511577,2.5077167,2.8313324,1.632352,2.2770171,1.1102885,2.2561262,1.3872112,3.4698595,2.864359,3.7254213,1.9131339,3.2662979,2.9660941,3.0282944,3.2972592,2.9221268,3.0683623,2.5343248,2.3538838,2.6961892,2.7042186,2.6824383,2.5509687,1.5417463,0.3335569,2.788471,2.4693242,1.3171547,2.0211306,3.0423569,2.215011,2.8418915,1.6002646,2.0395962,1.6414916,2.9064414,2.3917938,2.2657407,2.1132172,-0.789717,2.2558174,1.4486783,1.899542,0.582136,1.2506119,2.1399654,1.6740193,1.5713987,0.9492864,1.0914622,1.9957352,1.6044017,1.9154755,2.3673645,1.8649587,1.0297653,3.3710373,2.5446564,2.7345416,2.537913,2.3905776,1.9121949,2.5795245,3.6741552,2.8236042,1.761752,1.5532401,0.9303357,-0.1966325,0.7147899
P14,3.405419,2.1759125,1.7457222,2.0422719,2.2431154,2.2264276,3.7159626,1.8488237,1.9852794,2.6671214,4.8032026,2.5583067,2.7090896,3.039845,-0.1617679,3.0061736,3.6173477,3.2093641,0.1786947,3.1664321,2.6565481,3.2416959,1.9625082,2.6929067,2.0676418,2.5368053,1.8640638,3.6971372,3.1793964,3.9750306,2.5508468,3.5188305,3.5250972,3.2855446,3.7471745,3.4467079,3.6698164,3.4105836,2.8568031,3.0797341,2.8821515,2.7962109,3.192871,2.1240386,0.6620103,2.7030344,2.2707878,1.2707007,1.905791,2.7885464,2.0288864,2.4855584,1.5960369,1.9999132,1.5125924,2.8174401,2.2879299,2.3071924,2.8976978,-0.3084964,2.8610559,1.7127777,2.5078807,0.8771225,1.7128371,3.1075046,2.3666254,2.5207442,1.5063948,1.6907568,2.4301944,2.1293681,2.7893741,2.9640502,2.5628751,1.2541512,3.7691369,3.14053,3.6050071,3.2468587,3.4414747,2.4105809,3.4240767,4.1427306,3.2682087,2.3819245,1.7995988,1.3105593,0.1231845,0.8836133
P15,2.706166938,2.520031981,1.408026463,1.730224766,2.473627782,2.010073899,3.57439436,2.012913011,1.537126187,2.153532838,4.129734679,2.400368546,2.554898586,2.889345834,-0.011717679,2.459685403,2.930747543,2.727398977,0.078449816,2.511525632,1.99577502,2.57851829,1.186593217,1.893644446,1.202194174,1.744871457,1.061475254,2.573313482,2.030480046,2.565620385,1.833300012,2.094696601,2.488761239,2.023862613,2.553085635,2.273111961,3.000820912,2.237510488,1.981196609,2.048897421,2.039839447,2.573007719,2.740963113,0.760344244,0.810801339,2.719855889,2.617765503,0.864065647,1.966268431,2.400897743,1.743094682,2.449916224,1.854215809,2.018441214,1.186036777,2.474840789,1.835937107,2.230713677,2.549882069,-0.234339864,2.52807847,0.68233332,1.898775208,0.900461075,0.873274269,2.177786107,2.299206883,2.332024784,0.791845173,0.767188924,1.732139866,1.159521731,1.948410639,1.845186588,1.834280314,0.812155194,2.88324871,2.301243376,2.639796605,2.363665904,2.269684406,1.312680326,2.598382355,3.802440995,2.329392569,1.871770351,1.359916459,0.768920015,-0.004625787,0.869107693
P16,2.8294477,1.9872907,1.4216035,1.7712898,1.8934742,1.78261,3.2798547,1.4912932,1.6755427,1.9377661,4.2096756,2.2253573,2.2336328,2.5925923,-0.1124882,2.070332,2.7999159,2.137578,0.2953168,2.2300689,1.7941003,2.1134585,1.0193593,2.4002585,0.4508006,1.3546648,0.8662145,2.4625603,2.1698274,3.0737345,1.3396876,2.391453,2.5455155,2.1606567,2.7123355,2.3631112,2.5387882,2.0333889,1.6195275,1.8370488,1.3704895,2.9059188,3.4025654,2.1598444,0.827928,2.2445185,2.0558714,1.1252064,1.6139884,2.4448253,1.683071,2.0243394,1.2641954,1.5116733,1.1831935,2.4955789,1.9493339,1.8956907,1.9288278,-0.1365626,2.059293,0.7416236,1.4944132,1.0099491,0.5138898,1.7029394,1.7424967,1.3223246,0.5059414,0.4368385,0.8760821,1.0284415,1.3270036,1.7285449,1.2091153,0.4098812,2.7213076,1.9050154,1.9763496,2.0346017,1.8697849,1.3212199,2.3018369,3.0868245,2.2493714,1.0762271,1.7438216,1.5152834,0.2931729,1.0350478
P17,2.74624357,1.75000729,1.17651266,1.8545246,1.85844091,1.71204323,2.73636637,1.21006754,1.73515995,2.01506315,4.18668839,2.30885372,2.2087931,2.6077054,-0.38282576,1.70372686,2.33747823,1.71617992,-0.2637719,1.82222605,1.93628442,1.87435736,0.64671785,2.29315442,0.19833065,1.18342754,0.66670466,1.85885964,2.23174461,3.02772565,1.51827842,2.27039257,2.93825919,2.49131801,2.68023788,2.23540886,2.42702193,1.94709398,1.4802074,1.64572533,2.01601201,3.10286366,2.12122083,2.06611142,0.79649336,2.04965475,1.89224383,1.04972787,1.5443746,2.39918726,1.58218766,2.13926652,1.18778114,1.70486032,1.5379606,2.48161553,2.02554225,1.87772151,1.35120715,-0.69181206,1.76992877,0.35874226,0.97780804,0.26483646,0.70410232,1.35259517,1.25082285,0.9205097,0.17935295,0.08386817,1.07662644,0.83006924,1.11379146,1.55814683,1.35833156,0.47346972,2.7564809,2.00176068,2.03844747,2.1425402,1.78056307,1.57326359,2.1189703,2.61546934,2.06985297,1.21350966,1.29265493,1.55282608,-0.1209328,1.17672545
P18,3.08197646,2.04171823,1.05687054,1.64948265,1.74834337,1.39369804,2.8419873,1.31704286,1.58845151,1.90470511,3.952538,1.86598863,2.09570758,2.57114946,0.19451102,1.78673279,2.39441791,1.78803126,0.55027918,2.27140455,1.64838683,1.86166235,1.00140996,2.56192765,0.48240708,1.39297423,0.58170316,2.19325526,2.39926816,2.81787592,1.46513377,2.43682747,2.99422333,2.48560309,2.73687932,2.65614491,2.6814809,2.41141358,1.84802266,2.11480765,2.51704699,3.37231752,3.81561994,2.71533824,1.52620063,2.14960137,1.72983499,0.90404063,1.43271014,2.30749516,1.45249472,2.04154513,1.1678769,1.33879703,1.37965738,2.31872897,1.77190605,1.61100692,1.70407418,0.05919997,2.09843681,0.20385333,1.44968001,0.86323598,0.55094174,1.13438667,1.39790242,1.10439004,0.30570701,0.19691549,1.16588357,1.10925426,1.38795111,1.79001504,1.56041951,0.59607429,2.97393812,2.1044933,2.05908372,2.38356973,2.13373016,1.77899295,2.27190228,3.35120513,2.53030931,1.60542975,1.76653956,2.05859236,0.75321734,1.51352711
P19,1.855457535,0.844443039,0.250974412,0.496094014,1.237837084,1.059429986,2.409826037,0.367645999,0.633408901,1.091192967,2.727385323,1.579496951,0.988600674,1.612587843,-1.292643288,1.022758122,1.694013803,0.697159841,-1.027988149,1.075668124,0.884168219,-0.099006993,-0.048684376,-0.048310339,-0.698515709,0.53600332,-0.341737002,1.432105099,1.089636456,1.536675834,0.650595857,1.375876023,1.15755588,1.153971741,1.656071367,1.202269913,1.790691057,1.281831425,0.920845348,0.6232706,0.644712118,-0.179455319,1.931061129,0.663054343,-0.180682646,1.817706473,1.121850362,-0.007369994,0.556807489,1.129197756,0.648687229,1.41593551,0.167966277,0.287413265,0.149922112,1.931447575,1.109731036,0.97680496,0.422854971,-1.443280619,0.680663368,-0.354114446,0.020490277,-0.620896421,-0.184099941,0.39885927,-0.62011867,0.134035102,-1.168696051,-0.71268737,0.211072634,0.10006423,0.037060518,0.40101394,0.443020072,-0.797338045,1.872146599,0.999482954,1.191398663,1.128369726,0.783845868,0.534303246,1.06102189,1.77942766,2.092127416,0.434297201,1.099719215,0.245211156,-1.211063137,0.150971762
P20,2.5892482,2.2267686,1.4683971,1.4810482,2.2519847,2.5643139,3.2882873,2.1241518,1.4302107,2.1958766,3.5763387,2.273962,2.2367954,2.4078076,-0.1969984,1.9363955,2.8461349,2.5167884,0.1719577,2.2786612,1.8586495,2.3437484,1.3392771,1.7726379,1.5056686,1.6150984,0.9461653,1.7484147,1.8106907,2.2920151,1.9444847,1.8026062,2.5490192,1.9441255,2.2961688,2.1750772,2.9168381,2.0520973,2.3678273,2.1046323,1.9324511,2.5931922,2.3013166,2.1662952,1.0337285,2.2681066,2.4066352,1.1750354,1.336225,2.3617866,1.7847752,2.291559,2.0083035,1.7853959,1.3440967,2.8013947,1.6615684,2.2611711,1.8039747,-0.3822247,2.5929252,0.448603,1.6649332,1.4353918,0.6248061,2.5789385,1.7424204,2.1656098,0.581175,0.6576755,2.0052696,1.0264535,1.6987768,1.550065,1.1929102,0.5119256,2.6246508,2.0657424,2.4991274,2.2004402,2.1322457,1.5378298,2.8160719,4.3525738,2.0442094,1.8161848,2.1130013,1.2868927,0.1760279,1.0009186
P21,3.20492966,2.77834409,2.14399244,1.49784738,2.55178102,2.53243387,3.55941946,2.5675274,1.76477698,2.6152448,3.73940219,2.02831057,1.98722311,2.7532569,-0.05828076,1.67758566,2.57294996,2.73208977,0.02054783,2.30630503,1.51452441,2.58100737,0.91989495,1.40164053,2.224027,1.57369344,0.83647786,1.75000231,1.60285303,2.34009595,2.07990963,1.69653676,2.7918035,2.18074457,2.24447993,2.20847613,3.27803316,1.48777805,4.3993277,2.09631271,1.66900514,2.26862518,2.72772146,2.53998135,1.18755071,2.99744623,3.19457227,1.79584898,1.53399587,2.37973775,2.16318317,2.73675486,2.48882524,2.1355814,1.57864895,2.92821097,1.57850521,2.67763974,1.96911139,-0.17983533,2.64036533,0.24994237,1.54309972,1.30427331,0.37049503,2.85113903,1.65922391,2.63983758,1.12099405,0.81836554,2.00225642,0.92902501,2.25721255,1.30564228,1.00414902,1.19992995,2.57611124,2.14454933,2.30539938,2.77094021,2.77770638,1.52937273,3.13505759,4.58712183,2.05573371,1.92478259,1.82757855,1.59793815,0.37034318,1.15744182
P22,2.68880201,1.9336788,1.26376314,1.22670839,2.03369259,2.43651855,2.8826005,1.64321378,1.44929166,1.78422028,3.54011381,2.13742573,1.61838693,2.4289388,-0.37277754,1.65180162,2.6445769,2.29726418,-0.27018366,1.97545644,1.42624396,2.02860586,1.24175949,1.43690446,0.97625008,1.28842034,0.89021499,1.96161509,1.63708208,2.33719741,2.06347067,1.65977545,2.09581463,1.66577512,2.0948004,1.99170151,2.73276558,1.96310924,2.24814674,1.85100516,1.56737791,2.65029198,2.18313664,1.75424397,0.62722098,2.42464052,2.27141434,1.17527193,1.316442,2.36913574,1.81950912,2.00993714,1.43909818,1.54100869,1.09429892,2.36957594,1.52885836,1.57663908,1.99681289,-0.70658098,2.14738801,0.20268225,1.29307944,0.98735237,0.2158861,2.99776865,1.56822463,2.0002461,0.57329802,0.43771517,1.65701524,0.76622669,1.48069637,1.6665464,1.34095752,0.23754426,2.36333699,1.696927,2.53092179,1.99806387,1.90972149,1.38768589,2.55634721,3.85486086,1.82432596,1.83157643,1.90752006,1.08742568,-0.07438784,0.82532939
P23,3.28390419,2.58811313,2.00995038,1.66130613,2.68037168,2.69435091,3.65723665,2.36984879,2.0190573,2.42441756,3.7288989,2.27745123,2.33451243,2.78773449,0.38636053,2.03974444,2.80864053,2.87751793,0.1515199,2.55951158,1.79522622,2.77152716,1.248036,1.62081494,1.99728117,1.79415527,1.29464873,1.91825707,2.37835711,2.7612695,2.16985157,1.94538908,2.77474734,2.09726795,2.5311294,2.3928128,3.59502613,2.54672385,2.40780897,2.40928201,2.04494514,2.4318862,2.59340313,2.49419736,1.24851346,2.74883216,2.58034868,1.73174621,1.82731405,2.84450267,2.0096842,2.55645546,2.07189521,2.22692423,1.7669547,3.13973635,1.96989443,2.32881922,2.83381306,0.01398823,2.89148657,0.77597942,1.88138697,1.2112311,0.75785935,2.75531515,1.76672643,2.59009393,0.61737939,1.03388208,2.1924637,0.9572256,2.4480737,1.66218813,1.64568201,0.99184218,2.67179735,2.28480747,2.42998817,2.72085983,2.86461471,2.07698692,3.35940833,4.65909722,2.00175019,1.6662568,2.2482314,1.5563114,0.7379605,1.18913397
P24,2.6156012,1.9849623,1.7127132,1.7674902,2.1862857,2.6436802,3.6981591,1.7653705,2.0258389,2.1384166,4.0165399,2.3771148,2.0358403,2.5431127,0.5133102,2.2294518,3.0273568,2.6416385,0.4817026,2.9620223,2.3931831,2.8099589,1.2506056,2.3406043,1.488195,1.8816182,1.2701365,2.2601788,2.6862975,3.0545755,2.3346372,2.0357766,3.1419301,2.2453655,2.4345842,2.9651265,3.3299061,2.8340906,2.5047302,2.4184139,2.4790182,3.2978429,2.6222796,2.2490879,1.0581732,2.2304517,1.8992693,1.017273,1.4815864,2.3891987,2.2974455,2.8640617,1.5363137,1.7387475,1.4099124,2.7532361,1.9102495,2.1299166,2.9208753,0.1030743,2.8811366,1.216964,2.0873897,1.8458922,1.0458495,3.1988123,2.4953146,2.2825392,0.7028631,1.0023311,2.0270369,1.3648617,2.4813407,2.296266,2.194276,0.7092613,2.7657542,2.4709935,2.642125,2.551201,2.7434697,2.0769844,3.3530961,4.6288093,2.5704678,2.4672427,2.501836,1.5369053,0.5511048,1.1499722
P25,5.5661429,3.9389608,3.2936386,5.0440579,4.2006553,5.4429074,5.3750312,4.316927,3.740386,4.7842956,6.2680986,5.7500968,4.4044608,5.2844649,3.1986314,5.0646501,4.240966,5.0508738,2.9080711,4.9190017,4.8665843,4.3240154,4.2961878,2.6873799,4.6459818,4.0880786,1.3607301,4.0586899,4.1529762,5.1856648,4.2638454,4.2803162,3.2163757,4.7770543,2.8258415,4.6009175,5.0243746,4.974769,2.4145566,2.9765257,4.8671139,3.716566,3.3777928,3.1344121,3.2284657,4.9210903,3.4027097,4.0281682,2.8643663,5.6600226,3.4541968,4.1052106,5.2314379,2.9738035,3.3186512,5.6493649,2.6679179,5.6779736,5.0078691,0.2430613,5.4740046,2.0685808,4.5488449,2.7885601,2.1117401,3.7882641,4.2788149,4.3661872,4.0042658,3.1844174,4.3626993,1.5216563,4.3670717,4.5566971,3.151197,2.1269361,4.3966353,4.1482918,5.4343991,4.3831037,3.6321321,5.2665577,5.8106424,4.0729164,4.9627262,2.757552,2.1240142,3.3831367,2.0038282,1.4477143
P26,4.8722582,3.3845394,2.6008127,3.769372,3.322885,3.7097048,4.1986182,3.113323,3.1166026,3.9420702,5.8872515,4.1087809,3.4563881,4.3156696,2.4388003,4.5034138,3.7976987,4.0822629,2.467357,3.7894438,3.7586988,3.510133,3.419836,2.7587072,3.6624156,2.4005135,1.2822513,3.3913302,3.688926,4.5406073,3.555891,3.5720922,3.3357515,3.8664657,3.6117351,3.7610125,4.417835,4.2933666,2.5961138,2.9099951,3.9916361,2.8152831,3.798415,2.8311061,2.5219043,3.8989144,2.7970258,2.8308432,2.3657539,4.1963187,2.6828981,3.1512288,4.2324313,2.5013815,2.8811554,4.4506289,2.6723245,4.3239121,3.9141787,0.3182731,4.610312,1.7494553,2.9304246,2.2839037,1.7708566,2.8796679,3.2018331,3.1617178,2.8451898,2.142971,3.1067002,1.6217898,3.508021,3.6720273,2.7526966,1.7191295,3.9796857,3.1731024,4.5799981,3.6980594,3.0578311,3.962396,4.717953,3.751382,4.3799931,2.31578,2.1132458,2.9152353,1.3428603,1.4531947
P27,3.3795191,2.2631507,1.6441743,2.283039,2.4117806,2.3974636,3.485841,1.8023107,2.1121963,2.5905346,4.9826571,2.846962,2.6696598,3.1126186,-0.1069798,2.4974029,2.8942009,2.5640565,0.23862,2.6374471,2.7462558,2.4418327,1.5859427,2.3428187,1.5963333,1.8235966,1.1321701,2.6434036,2.5876296,3.1511001,1.8329249,2.5671146,2.877322,2.7178235,2.9257556,2.4660688,3.1502086,2.7635917,1.9853003,2.1122945,2.4442985,3.1732796,3.1955361,1.9239099,0.8309279,2.5700522,2.2416176,1.4330364,1.848776,2.8695835,2.1535859,2.5111983,1.9899576,1.8127375,1.5748199,2.978378,2.2537854,2.4650314,2.3404851,-0.4594323,2.6672166,0.9161926,1.529419,0.6246179,0.9121626,1.8300639,1.8707874,1.5566092,0.8486519,0.7445896,1.7392175,1.293081,1.9061298,2.1819479,1.6936395,0.6075288,3.0200254,2.2737347,2.5666692,2.4102111,2.2573908,2.0484375,2.8399551,3.3588902,2.9681902,1.6529974,1.3748646,1.4680939,0.197148,0.9574553
P28,3.25858574,2.68654188,1.81707286,1.75381982,2.62024318,2.8566657,3.40064602,1.71206275,1.84604244,2.34217651,3.80553471,2.09815237,2.40372448,2.67088601,-0.70673161,1.77251064,2.59345376,2.19076649,-0.37711629,1.84963644,1.99282719,1.88905696,1.12079642,1.6634084,1.41351785,1.48337283,0.87927203,1.94793063,1.73514137,1.76856754,1.36027062,1.66386983,2.50609742,1.82169248,2.02810595,1.82256959,2.40661658,2.35613749,1.89359072,1.46947186,1.58997914,2.49164776,2.78057202,1.96662472,0.71548395,2.98864207,2.5684566,1.86603077,1.77063528,2.85129627,2.10247319,2.6836241,1.89541559,2.13495751,1.63884558,3.06833847,1.90175835,2.51207724,1.81512279,-0.88892441,1.96081884,-0.12445496,1.14989291,0.15046796,0.6399956,1.65262111,1.94390817,1.53422746,0.06698625,0.12352876,1.96124724,0.84937655,1.5375281,1.27761053,0.96225795,0.45044048,2.29046554,1.7820702,1.57636652,1.97093318,1.86494813,1.18653531,2.54923612,3.37298882,2.16373421,1.44714246,1.44604527,1.20257686,-0.18427189,0.75903255
P29,2.42999353,1.783958,0.82455435,1.30961728,2.00158423,1.56947845,2.87034521,1.07652195,1.21670218,1.51676791,3.7403311,2.15824437,2.22594882,2.49097875,-0.73998666,1.63351944,2.37163189,1.79310254,-0.38363431,1.91857432,2.01684239,1.7737912,0.90572793,2.01802035,1.1587561,1.36341099,0.75149395,1.9581375,1.85177589,2.26730415,1.39533003,1.88303539,2.74300112,2.03229351,2.34208424,2.03568974,2.46565212,2.21451642,1.74294908,1.91695485,2.05352085,2.8462324,2.99047965,1.74226885,0.77018994,2.07483354,1.71989512,0.90916866,1.22973814,1.66159142,1.54320599,1.71818396,0.81676588,1.07330361,0.67060006,2.03872417,1.44808899,1.98651453,2.05348591,-0.85964023,1.78161724,-0.20104165,1.14353319,0.26441351,0.33527069,1.77656847,1.61314786,1.32227935,0.12633385,0.05770728,1.29529057,0.89654809,1.33404596,1.59345108,1.21653962,0.1568746,2.43822963,1.90075153,1.8245808,2.03504015,1.80356735,1.38220022,2.70916797,3.85904517,2.3621627,1.90689039,1.09705509,1.22602131,-0.04790387,0.76834896
P30,3.3040822,2.3307131,1.7731869,2.1251333,2.4861753,2.1864802,3.6615542,1.9175878,2.0651949,2.5650886,4.6500926,2.7425922,2.736669,3.0594636,-0.3853894,2.1852806,2.899618,2.4500943,0.1493831,2.3739083,2.4296676,2.6458262,1.5623253,2.4373229,1.1010507,1.6733596,1.2147756,2.7710517,2.6531252,3.128697,1.9686497,2.6647023,3.1709755,2.7561219,3.0405801,2.6028704,2.7729073,2.7235059,2.2620727,2.3897305,2.601125,3.0462584,3.4221777,2.1745717,0.9485849,2.5938664,2.3087232,1.4518825,2.0576072,2.58522,2.2265293,2.6073295,1.6359355,1.9964232,1.4135299,2.8431253,2.2709454,2.2020734,2.3849779,-0.3763314,2.2496135,0.8402944,1.5153586,0.7859901,0.8976937,2.4482119,1.8422714,1.6077005,0.6993634,0.6917137,1.673804,1.4389765,1.7420998,2.1183731,1.6899903,0.6493662,2.9878355,2.2152005,2.3996082,2.3127416,2.2599025,1.7228307,2.959355,3.7517551,2.8091767,2.0496719,1.4600899,1.530787,0.3268055,0.9875058
P31,1.615698762,0.805007336,0.193654107,0.539873803,1.317304423,0.926636496,1.873380514,0.725476885,0.94958445,0.896314697,2.596821726,1.81385432,1.070006907,1.553794833,-1.519847594,0.564365322,1.107550791,0.673285966,-1.41471973,0.800251518,0.699893756,0.138439439,-0.489023902,0.941181714,-0.701881256,0.030178668,-0.67077117,0.539301383,0.713083771,0.887844774,0.185994163,0.955016574,0.983451456,1.169713696,1.365465611,1.055003084,1.665626117,0.818477068,0.669647653,0.375170494,0.599604613,2.31145964,1.978413024,0.838617745,-0.07262713,1.282724971,1.008793914,0.159669502,0.542646945,1.418966075,0.65214252,1.132575159,0.766385186,0.505268657,0.171055624,1.597362611,0.700974304,1.047757897,0.85060579,-1.623761698,0.483012707,-0.90997274,-0.10386811,-0.989537579,-0.586782512,0.649752615,0.005101243,-0.352259882,-1.177869987,-1.258711626,-0.052622193,-0.44746601,0.14839229,0.094936153,-0.06329804,-0.798587735,1.457182907,0.493441573,0.845696017,0.945062889,0.601809159,0.294127655,0.865581783,2.220814242,1.474693444,-0.027041463,0.454318062,0.401273816,-1.150771553,0.277617732
P32,2.9257639,2.2359827,1.4595451,1.5626511,2.2826951,1.6921929,3.3241549,1.7076563,1.7140917,1.93669,3.770162,1.8503767,2.1632498,2.5161732,0.52746,2.203203,2.6805597,3.027754,0.6528019,2.9572496,2.6978995,3.231761,1.3767195,2.0052257,1.8344516,2.0405641,1.4758185,2.7362718,2.5782817,3.0701069,2.2828814,2.640374,3.8263325,2.7082796,2.9720586,2.2159356,3.3339158,2.637748,2.3123436,2.5037167,2.7983376,2.8606308,2.7550264,2.117596,0.886033,2.626308,2.2803162,1.1878429,1.4800644,2.2557266,1.714857,2.0432717,1.5442794,1.6075583,0.8855214,2.5281565,1.6977835,2.218347,2.22667,0.4500529,2.3854755,0.8742724,2.2160508,2.0436267,1.5555503,2.7346811,2.1869502,2.3080026,0.8480552,1.014063,2.155403,1.3576675,2.822516,2.0713806,1.9640492,1.797123,3.2998497,2.9999689,3.0850633,2.9502782,2.7839944,2.1418073,3.3145387,4.1670933,2.8105443,2.0519691,2.3465886,1.3441959,0.2142799,1.1513286
P33,2.7392577,2.208693,1.454708,1.5621914,2.7809238,2.600693,4.2078362,2.232754,1.8465902,2.5591019,4.0931255,1.8560759,2.8253411,3.0682103,0.424209,2.3348788,2.6990196,3.2842131,0.4048455,2.7795524,2.1997542,3.2846123,1.4093375,1.6610277,2.2930581,2.2414946,1.5293104,2.7504042,2.4736022,2.8867493,2.4919466,2.3596473,3.5162118,2.6457443,2.7401021,2.5952998,3.9257411,2.7000069,2.5833284,2.7566171,2.743851,1.9261959,2.8260706,2.2610913,1.1831945,2.4911003,2.2536475,1.5091119,1.6406164,2.7263888,2.4202244,3.2803891,2.4618077,2.2157442,1.5698215,3.2218848,2.1486889,3.1068163,2.6312414,0.210645,2.7383086,0.8244271,2.1676276,1.5027627,1.2978225,2.9456577,2.4866959,2.8121219,0.896509,1.2953002,2.4465845,1.4580536,3.028528,2.1356022,1.9893985,1.4974101,3.3579276,3.0351301,3.1710494,3.1231428,3.3677467,2.1529832,3.717575,4.5209494,2.7901265,2.3284495,1.8363132,1.3907539,0.3642212,1.1471772
P34,3.8957244,2.7420024,2.237279,2.6398709,2.5291738,2.0816516,3.6191964,2.2552938,2.4922799,2.8994739,5.1103121,2.273391,2.8360759,3.3420591,0.8873422,2.7048262,3.1842384,3.2228309,1.1562712,2.8727935,2.681855,3.8094705,2.2289171,2.8125491,1.9005569,2.363043,1.7171217,3.6813537,3.3578378,4.1300254,2.5926112,3.4381784,3.9611157,3.7510767,4.0375489,3.6924752,3.5912279,3.0515247,2.6722063,2.9568168,3.1591794,2.5127941,4.1176701,2.6725063,1.4108001,2.9281566,2.7036473,1.7378343,2.2843882,3.1932203,2.4254039,2.7874776,1.9817406,2.4373412,1.7462211,3.2265587,2.4393032,2.264072,2.782455,0.8009938,2.763607,1.6517426,2.3045949,1.6540268,1.4775427,2.7385007,2.2854871,2.2242043,1.4720995,1.5942532,2.1581273,2.1392503,2.7362885,2.9512626,2.5912821,1.5060432,3.6805031,3.2511796,3.5711096,3.4754597,3.2152929,2.4272086,3.2117026,3.9927622,3.3492295,2.3432803,2.581324,1.9480337,0.6997026,1.5402405
P35,3.4918193,2.34069,1.7965209,2.237056,2.3045903,2.4022866,4.0503995,2.1487198,2.1500005,2.644681,5.118012,2.5461032,2.7443995,3.2220365,0.5036886,2.8438893,3.2382738,3.3699242,0.557778,2.9556994,2.4542071,3.6605274,2.0062445,2.5328896,2.0320794,2.6023699,1.8821891,3.6770817,3.0954767,3.9518233,2.2898657,3.3145451,3.5321113,3.4153719,3.7142544,3.2901565,3.313946,3.1542889,2.8565423,3.061145,3.0632845,2.2674241,3.67232,2.2806987,1.0448061,2.9382755,2.2937002,1.4485934,1.9295774,3.0610072,2.4939714,2.8850513,1.6776873,2.125849,1.4837309,2.8225212,2.3176058,2.2394089,2.7121155,0.2676741,2.6092361,1.5909915,2.2513462,1.3441073,1.6466518,2.7313186,2.3209488,2.5918174,1.4468146,1.5981279,2.4031759,2.0281595,2.6241286,2.7009517,2.7722421,1.3737027,3.7102981,3.0851511,3.4562206,3.2766007,2.9746388,2.2639056,3.3110034,4.2068484,3.1745485,2.4840453,2.1303828,1.503135,0.4204665,1.1107027
P36,3.4417305,2.3292905,1.8019947,2.2018237,2.4706688,2.2321226,3.9178959,1.9835041,2.0936679,2.5230396,5.0606059,2.4702792,2.6244048,3.0713219,0.3176433,2.540686,3.2055582,3.0953528,0.4726689,2.9084848,2.5562212,3.5477065,1.987482,2.5813705,1.9813558,2.4150618,1.9576474,4.0962738,3.0503696,3.8179104,2.0762018,3.2137566,3.4235025,3.2350036,3.5787706,3.1171565,3.4132954,2.8323364,2.8427122,2.9961979,3.0387572,2.2867987,3.6574504,2.3604827,0.9053045,2.7761316,2.2719415,1.3839462,1.9326235,2.7861189,2.1823571,2.6786935,1.5200459,2.0723657,1.545096,2.8343523,2.2635792,2.1285235,2.6634115,0.3169667,2.6122407,1.4844578,2.2406742,1.2663833,1.5537356,2.5085202,2.4696598,2.6888266,1.8667836,1.652186,2.3414389,1.9127073,2.6345254,2.5330557,2.2770471,0.9762923,3.5218983,2.8711332,3.2726913,3.1624063,3.0418312,2.1846656,3.2746321,4.1367825,3.0498868,2.4630148,1.954394,1.3768645,0.2072179,1.0420429
P37,3.1576182,2.0924832,1.4631081,1.9473882,2.0527768,1.7759626,3.2359903,1.8811526,1.6788767,2.588358,4.5532163,1.7821813,2.2995752,2.7740268,0.6016194,2.4742167,3.0541484,3.003775,0.4131209,2.6885257,2.1505474,3.5467589,1.6963796,2.277252,2.7147406,2.2950298,1.9298657,3.4070368,2.7266917,3.2685182,1.9293444,2.7128798,3.4282001,3.098626,3.3347211,2.8602749,3.8562503,3.0927499,2.8134306,3.0164729,2.8687513,2.0332057,3.5014357,2.3337812,0.9382914,2.5838319,2.0658315,1.1275008,1.6371543,2.2205949,1.6280476,2.1616182,1.3003581,1.7319105,1.0436526,2.5577067,1.8734141,1.9661715,2.40304,0.299114,2.6077259,1.1299654,2.2437486,1.4146315,1.0290611,2.6681053,2.4329487,2.3809783,1.2716581,1.3357878,1.7913404,1.7417763,2.8765085,2.0687481,2.6239006,0.8253172,3.3820762,2.8115641,3.3936977,3.1662893,3.5677482,2.3549636,3.3373004,4.2863706,2.8813483,2.5085414,1.8607566,1.4266291,0.7599941,1.1611138
P38,2.91098791,1.89893492,1.42389695,2.07397056,2.06422476,1.80176548,3.38241138,1.36520688,1.93321277,2.16897286,4.72789399,2.35827652,2.49853617,3.16078384,-0.3460643,1.81832358,2.69054621,2.47535417,0.16558287,2.33970341,2.17410442,3.15490881,1.26199136,2.5237022,0.90267463,1.58119745,1.38177964,2.4773914,2.30257856,3.74490153,1.36698645,2.3252083,3.0333387,2.50570153,2.57957076,2.36776188,2.52089763,2.18223216,1.94122569,2.08921902,2.33220028,2.53423547,3.35303826,2.13770051,0.5558424,2.16789826,1.89693402,1.32387114,1.77287899,2.51049386,2.09780091,2.62816553,0.89402731,1.97048126,1.19324358,2.80162389,2.12465291,2.09761114,1.51422432,-0.53138373,2.055361,1.05994191,1.37660167,0.42560822,0.75133096,1.70768773,1.4536529,1.26327674,0.55648204,0.89541709,1.32768469,0.94514424,1.45962262,1.97812872,1.37222185,0.41441422,2.67705029,2.04837189,2.07115045,2.0676073,1.88898171,1.46377732,2.30948813,2.62444748,2.16984433,1.37476991,1.28666008,1.56260974,-0.04680634,1.31142727
P39,3.12006521,1.71130809,1.1013242,1.459255,1.63407053,1.56719688,2.98229661,1.12819248,1.37121189,2.448167,4.29957637,2.01795788,1.94525896,2.59965698,-0.56607591,1.54256786,2.30013673,1.78175365,-0.22308394,1.87571599,1.76209221,1.79485213,0.70972621,1.84925688,0.21713102,1.08750738,0.4622724,2.08612668,1.88959218,2.54558921,1.08475447,2.04262851,1.91717002,1.96890857,2.2347638,1.86973294,2.17750507,1.76918594,1.25002081,1.49003371,1.86879352,2.66263007,2.81380126,1.62220646,0.47976913,2.20149699,1.7216225,0.75525904,1.34854035,2.24506005,1.64538654,2.00677684,0.95619598,1.17846637,0.76417507,2.01236685,1.80686026,1.66875441,1.10363746,-0.7811482,1.47967665,0.32775851,1.06781379,0.6996596,0.38300121,1.16166929,1.02862836,0.71518792,0.07995016,0.03268285,1.02727032,0.72844817,0.97043115,1.24590972,1.00075047,-0.01334617,2.44891074,1.44066924,1.57865939,1.61431638,1.42753223,1.05306435,1.80491294,2.7051367,1.90516008,0.85499786,1.03231756,1.15524542,-0.39213622,0.94094469
P40,3.3474605,1.98080062,1.3536451,2.01441972,1.66799636,1.29445782,2.75885216,0.95694341,1.46638861,3.92066419,4.1938437,2.10036986,1.90186907,2.47949578,-0.22886152,1.58530728,2.39590681,1.7659598,0.17011244,1.97923083,1.61843074,2.01326387,0.64014034,2.39029232,0.52754621,1.85447195,0.50103615,1.68779927,2.05828517,2.76494126,1.1274137,2.40770059,3.02926839,2.33973487,2.87870651,2.51253232,2.55710689,1.99486441,1.61095639,1.97529993,2.28858899,3.20187659,3.98819414,2.50021149,1.14784346,2.15967651,2.07774553,1.00123608,1.43719891,1.96703004,1.29201109,1.7216016,0.79352899,1.41324991,0.66963151,2.44596161,1.89333552,1.66030836,1.2317136,-0.56709122,1.52374241,0.26936884,1.28277598,0.59118467,0.19033749,1.05423985,1.47822956,0.94101137,0.0357376,0.01689522,0.83823573,0.57894277,1.15106714,1.38385334,1.22376052,0.20373296,2.84231549,1.80893609,2.20001662,2.31414042,1.90030236,1.55470135,2.24276274,3.13091296,1.9969762,1.28689753,1.4719273,1.89601883,0.329988,1.54455627
P41,1.0612825,1.64181872,1.07267617,1.40605652,1.41830589,1.35118702,2.65363077,1.15365112,1.28934453,2.33845319,3.92748254,2.05093573,1.70808346,2.21501854,-0.50875941,1.51498378,2.1706318,1.58327008,-0.01764558,1.71604965,1.38418081,1.57977288,0.70970284,0.61970177,0.11956722,1.22372139,0.67008344,1.98970421,1.77868569,2.55954766,0.86603876,1.96370941,2.02752523,1.93402907,2.24889704,1.67209309,1.96989077,2.07969149,1.34684522,1.5190767,1.81364653,0.81706449,3.41605003,1.99825915,0.80872601,1.98234763,1.75450392,0.64776732,1.18200299,1.9467506,1.43397828,1.83141973,0.7838657,1.02448344,0.57297281,2.07452916,1.57207296,1.3064271,1.0969704,-0.73091071,1.4254069,0.22447293,0.65577099,0.48985157,0.20290987,1.08902418,-0.05390443,0.6262771,0.09130079,-0.08665049,1.00575671,0.76310503,0.73985776,1.35816604,0.96429639,0.01862091,2.39971213,1.51435686,1.66840022,1.50207501,1.26150539,1.17078802,1.79761647,2.00659019,2.29161919,1.03838362,1.33142865,1.45323431,-0.0718157,1.07433436
P42,3.38129301,2.424598299,1.902987326,2.220386764,2.340075771,2.315518766,4.036642804,1.831095504,1.97486058,2.28202137,4.652753522,2.574418238,2.701065917,3.050173609,-0.402496542,2.23618958,3.045494283,2.645948856,0.092846908,2.45839473,2.489834481,2.774184149,1.45572311,2.547748609,0.988251981,2.054445059,1.540016846,2.953443953,2.72373199,3.476251419,1.712582283,2.925825161,3.117514527,2.810091641,3.158366819,2.859237426,2.937644578,2.624427003,2.136659142,2.478435556,2.437029859,2.906520906,3.196700739,2.041091879,0.736531642,2.77528458,2.448123173,1.433308246,2.040523982,2.960741057,2.236350525,2.628781303,1.43307419,1.771732035,1.323113685,2.617792587,2.256670871,2.313314946,1.948443456,-0.300255222,2.206883217,0.944978496,1.695329501,0.768659041,1.039375632,2.217270904,1.8474259,1.476531615,0.734032755,0.842417013,1.835109326,1.421026269,1.854796616,2.127338256,1.613761395,0.89144145,3.145528379,2.350336031,2.561033319,2.492673808,2.384895541,1.841682609,2.71234784,3.543969107,2.672016289,1.644426831,1.379968564,1.355694695,-0.009348869,1.046310335
P43,3.063543769,1.930228999,1.104537231,1.456259132,1.568810766,1.789745728,2.978038765,1.276859757,1.362000689,1.662310371,3.878214448,2.153592832,1.773076098,2.219289377,-0.491109947,1.461306402,2.283039739,1.75392924,-0.215303762,1.647838331,1.517742242,1.612289172,0.586970212,2.022951657,0.271539597,0.951293,0.525204978,1.76447683,1.615643917,1.970073949,0.904098904,1.633166743,2.0152641,1.638125161,2.135909208,1.783054948,1.989523968,1.778596277,1.010332416,1.31919039,1.423016382,2.604600511,3.049940226,1.856117593,0.538394252,2.46794401,1.949112276,0.825858107,1.392425716,2.071037138,1.350133658,1.849160511,0.888508848,1.220657618,0.70008788,1.983733059,1.626987553,1.595310326,1.635224694,-0.674021707,1.568006356,-0.019616319,0.94778479,0.713873438,0.009477273,1.387453374,1.560825348,1.080815524,0.02678155,-0.02471438,0.887670535,0.546984265,0.779374719,1.046160884,0.618245308,-0.15032535,2.006897226,1.394971409,1.437178546,1.56633296,1.299451573,0.840486653,1.650928873,2.584598839,1.784881753,0.805197455,1.250537716,1.168057796,-0.195072075,0.750672588
P44,1.6924102,1.40871402,0.57960066,0.99798216,1.2954905,1.16284021,2.61001785,1.03155627,0.84988204,1.14368447,2.56463256,2.28521176,1.52466699,1.56292034,-1.06373201,0.60005067,1.95744518,0.92587104,-0.80784876,1.15541047,0.48043038,0.70159521,-0.22075823,1.58846361,-0.0359328,0.39275188,-0.10857153,1.07593996,1.04244749,1.24526959,2.06409122,1.09232685,1.68723542,1.14804079,1.60463015,1.81321648,1.84980884,1.22031818,0.90457516,0.82467952,0.92760367,2.15323798,2.49093036,1.85431237,0.56612979,1.76283802,1.59840449,0.54766681,1.5394538,1.8183253,0.99247506,1.44586012,0.84327561,0.82340321,0.14609581,1.49456261,0.94679645,1.39009607,0.98709542,-0.97680833,0.91499552,-0.65451671,0.39841716,-0.33548327,-0.50792173,1.75594146,0.87925041,0.45396726,-0.66939385,-0.76220593,0.2710182,0.04007629,0.67895814,0.50573661,0.26080742,-0.31674058,1.64631631,1.10903843,1.07412523,1.40628489,1.06804312,1.04256922,1.57944775,3.01270886,1.54558362,0.33357768,0.79320307,0.99079009,-0.14555754,0.6758305
P45,2.07521973,1.78634417,0.99661207,0.99329358,1.73746767,1.60227371,2.81437347,1.24039233,1.05963852,1.40085051,2.78435025,1.87202828,1.30700655,1.71970512,-0.97959219,0.7577735,1.86355186,1.37359989,-1.05006548,1.26482801,0.65552424,0.92193726,-0.09740283,1.49733444,0.11754253,0.47888871,-0.15275848,1.2310986,0.93888863,1.2805997,0.62184741,1.18065562,1.72873574,1.35754963,1.81000243,1.8652684,2.01579253,1.05990068,0.94537137,0.94124074,0.92731548,2.45060432,1.54751037,1.52788413,0.19756581,1.95674379,1.93238963,0.82800708,0.91308951,1.92578904,0.98294091,1.58868495,1.22891664,1.22807028,0.74632181,1.8528933,1.15827139,1.65696057,0.77245786,-0.92444098,0.97559373,-0.47104264,0.50484815,-0.59325804,-0.43042084,0.72245316,0.90152824,0.6126363,-0.60481333,-0.732404,0.41348906,0.0365025,0.87266946,0.35334861,0.31817964,-0.12229038,1.75473379,1.1841048,1.31450137,1.72510663,1.24123668,0.54227557,1.66019733,3.0149195,1.57524299,0.22849949,0.82044196,0.74252734,-0.23446979,1.2793265
P46,3.14949862,2.67848737,2.11627469,1.76486134,2.69362215,2.87625275,3.52158094,2.13101498,1.76634917,2.48340444,3.55732095,2.18790744,2.67695698,2.66424403,0.06829588,2.18363617,2.63086844,2.72450275,0.02445738,2.33416299,1.57411978,2.75613174,1.05024088,1.51113534,1.88138982,1.55065567,1.02270295,1.61480345,1.82632449,2.48240644,1.91660497,1.70142642,3.00049197,2.13920906,2.49258254,2.29334334,3.2971192,2.28203827,2.21986734,2.16169522,2.30783909,1.9751654,2.78227654,2.61296188,1.32533144,2.77226927,2.93785637,1.80323549,1.62120042,2.84085506,2.16077742,2.45909896,2.25337777,2.3527521,1.67382044,3.14344372,1.96614744,2.83030831,2.42427683,-0.26721491,2.43337675,0.46645227,2.00166531,1.1088564,0.41733757,2.47107905,2.07152121,2.45263443,0.46049595,0.72225536,1.99844662,0.97617203,2.40357842,1.48155906,1.86445574,0.99434133,2.53847075,2.33770131,2.55176582,2.78409367,2.83041232,1.69853831,3.30483396,4.57276336,2.32467326,2.14211759,1.8043693,1.49262583,0.85274629,1.65552307
P47,2.5637385,1.9694793,1.1552017,1.2623652,1.9660794,2.0916834,3.4874288,1.6845346,1.5014392,1.9423178,3.6619872,2.4467761,2.3198722,2.6075105,-0.1921033,2.0541526,2.4781372,2.5066601,0.2370008,2.127636,2.1294629,2.2705491,1.2169665,1.8225726,1.4327666,1.6208666,0.9930717,1.7885952,1.9502989,2.5197122,1.8783956,1.8014688,2.781683,2.0579756,2.4814977,2.2545794,3.2354647,2.4119114,2.5351348,2.411166,2.2149759,2.1535826,2.5364292,2.2425519,1.1683799,2.291664,2.1037821,1.0357504,1.1940291,2.3803559,1.6610667,2.3147288,1.5184055,1.6600877,0.9035126,2.681141,1.7682915,2.3455679,2.19717,-0.4417582,2.3618084,0.4700915,1.8002598,1.5119241,0.4081746,2.4378697,2.1833075,2.2642224,0.5638595,0.7814142,1.9833734,0.9988647,1.842472,1.5584895,1.3723071,0.4720556,2.7483197,2.3881936,2.6914945,2.3930325,2.460893,1.9677049,3.2999947,4.5181808,2.1668986,2.2511476,2.0426611,1.4004798,0.3434341,1.0494555
P48,2.8736624,1.9070055,1.4708801,1.8237877,1.9624073,1.9419375,3.3662414,1.3832986,1.7353382,2.1844053,4.6113614,2.6771902,2.3680521,3.0338384,-0.8892837,1.8794057,2.5748911,1.976621,-0.2389585,2.0901308,1.8837962,1.777545,0.8538976,0.7812127,0.2695108,1.3642128,0.7949275,2.3832509,2.0514995,2.8983464,1.3189703,2.5293091,2.2574394,2.4096844,2.3881287,1.8791076,2.1598522,2.1514673,1.7315074,1.8788676,1.8365593,0.5395462,2.9984914,1.5444163,0.4859798,2.222726,2.1691451,1.1983115,1.6796445,2.7172871,1.8411404,2.3989098,1.2631769,1.6581527,1.2790904,2.7687982,2.0417373,1.9418596,1.4829121,-1.0018587,1.7532732,0.8676362,1.0202729,0.6631816,0.6009414,1.2294081,0.1808772,0.8575279,0.2388228,0.2159945,1.2984739,0.9516107,1.1596944,1.3111177,1.1443265,0.2812899,2.7347831,1.9319385,1.8040286,1.683812,1.5692411,1.5224593,2.0109202,2.2260497,2.3509735,1.1252798,0.963693,1.1517901,-0.2392797,0.6682314
P49,3.4195218,2.4849578,2.1375491,2.2035083,2.5124775,2.4419368,3.7865692,1.9531992,2.0336245,2.5748807,4.773639,2.8154472,2.6474944,3.3123417,0.2721831,2.4313384,3.1444779,2.6291192,0.6521699,2.8796993,2.5074901,2.9245291,1.6942631,2.6094586,1.2252401,1.9944834,1.5219424,3.1355746,2.8931311,3.6307111,2.1169696,3.2142137,3.3395766,3.0115764,3.3515346,3.0879714,3.228269,2.9120328,2.5244821,3.0918652,2.4913151,3.2704049,4.0822895,2.648509,1.3185763,2.9709764,2.5233978,1.3898174,2.0897469,2.8920642,2.3099944,2.6632526,1.681864,2.1745209,1.5252677,3.0525113,2.4414498,2.3122305,2.3059761,0.3327349,2.4825802,1.3136367,1.9096018,1.013253,1.1675142,2.3645961,1.9378431,1.9102978,1.2129801,0.9683689,1.9216617,1.627248,2.1720635,2.2871525,1.8624492,1.0363946,3.5042362,2.5700978,2.7183485,2.8617238,2.700863,2.222867,3.0219706,3.6504805,2.8250226,2.1097268,2.0190094,1.9006751,0.5702773,1.3764759
P50,3.2265872,2.4345848,1.7526971,2.1006241,2.2545793,2.4305802,3.1656982,1.6396393,2.0061311,2.2564853,4.5304006,2.7477878,2.4578193,3.0986423,-0.3304675,2.1046288,2.9820392,2.334176,0.1232633,2.4945013,2.3943991,2.5282098,1.3049644,2.1985003,0.7701477,1.6174655,1.1912787,3.8624384,2.621393,3.2881215,1.7320655,2.6394466,2.7079482,2.4945072,2.9223857,2.6010677,2.7918594,2.3185638,2.1571277,2.1805749,2.1393175,3.2982864,3.5075914,2.4342062,0.7873195,2.7718028,2.3800703,1.3097039,1.9383073,2.7207665,2.070728,2.6450958,1.3217929,1.8564315,1.6639661,3.1888914,2.2878047,2.1452017,2.0371154,-0.3139019,2.2133412,1.053783,1.5864105,0.9312806,0.9618853,2.0763217,1.6717042,1.3914459,2.3061263,0.7948708,1.718294,1.4557226,1.724329,1.9378541,1.5409372,0.5946378,2.9464669,2.1892344,2.1604864,2.263325,2.2048675,1.9208257,2.428288,3.2327811,2.2628251,1.4682366,1.4381869,1.4930004,0.4451866,0.9585177
P51,3.0239782,2.30598356,1.76201063,2.06575123,2.28958306,2.29060873,3.4972795,1.71378241,2.06560436,2.25951756,4.30067791,2.7714847,2.49261863,2.95432057,0.16353892,2.24633761,3.16095252,2.58901886,0.5112981,2.69782357,2.36459477,2.81670907,1.46703382,2.48901181,0.99574067,1.65187359,1.2690436,2.68689243,2.96728938,3.39653369,1.83541771,2.60044502,2.82292111,2.55600681,3.03747526,2.6206319,2.980366,2.53446462,2.29530705,2.30188996,2.25921013,3.5160885,3.69044576,2.49069539,1.20785135,2.73737034,2.37336769,1.27178517,2.03651614,2.56180157,1.97665587,2.52945417,1.44674152,1.86857846,1.38398984,2.96387668,2.24998429,2.22814377,2.48140201,0.02187437,2.5185498,1.18437473,1.7764214,1.22656796,1.09750917,2.89368006,1.92966632,1.72689884,0.86642917,0.79507635,1.76127706,1.43904967,1.88977137,2.00395681,1.80147499,0.75167321,3.04960995,2.22308552,2.36058009,2.53646673,2.40008704,1.88570509,2.68036749,3.46557057,2.36823861,1.76307303,2.02650623,1.72135758,0.66356159,1.22724004
P52,3.11717103,2.44715365,1.59841926,2.10264418,2.13686166,1.80691402,3.18488974,1.5154404,2.06910297,2.23444127,4.52495097,2.76061978,2.37749371,2.76423183,0.44024238,2.01929895,2.88381394,2.12069613,-2.46430767,2.85051668,2.26082467,2.60567831,1.38863227,2.7412916,0.77421274,1.72298819,1.11961006,2.32951341,2.69141848,3.31802734,1.65274335,2.62033508,2.88521573,2.39194166,2.60322266,2.60300948,2.59245618,2.22824203,1.95183881,1.9572358,2.42885111,-1.36770592,0.12209084,-0.47707033,0.89041702,2.44477916,2.05154082,1.26706766,1.93282702,2.45920288,2.04923507,2.58005504,1.24572111,1.8194461,1.23202781,2.87426262,2.29910615,1.91654979,2.12615401,-0.05617023,2.28768382,1.06753069,1.72181657,-1.84632522,0.85078791,1.84356951,1.71877311,1.31635155,0.67952779,0.73430785,1.70979719,1.24341908,1.65704886,2.1320863,1.91075503,0.53938224,2.88137775,2.09245272,2.21515486,2.50354706,2.17392839,1.66222719,2.31782979,3.38222985,2.56238676,1.55640585,0.02915074,-0.6384477,-1.4524254,1.09810221
P53,3.59231673,1.92565121,1.15884448,2.09077299,2.17298488,2.56017729,3.8852945,1.70763023,1.83873187,2.06176189,3.76621725,2.47821608,1.65112853,2.18830126,0.19165299,2.54369043,1.80015719,2.04478579,-0.70896538,2.27038367,1.85607733,1.80037944,0.82972773,1.97663786,1.61805659,0.92921505,0.03493719,1.69278276,1.25124871,1.71009128,1.12561877,1.94502169,1.70873688,2.17912121,1.81610414,1.84893476,3.14222253,3.03895944,1.5917959,0.92658896,1.84136132,2.86666498,2.33539052,1.55397203,0.79958739,2.58059812,2.51384251,1.17653021,1.15968814,3.03353619,2.25844666,1.83727963,2.20909514,1.45628105,1.17802501,2.85995483,1.15056568,2.60449902,2.16606657,-1.04234606,2.38716727,-0.1839083,1.50078031,-0.24387304,-0.06544356,1.5694828,1.44011247,1.15047556,0.16924085,0.21876572,1.49496591,0.31094932,1.5233521,2.00683034,0.54721799,0.15834958,2.2148701,1.80118518,3.56396185,2.16933903,1.53609312,2.11377025,4.68163927,3.57307055,2.27801059,0.39773674,2.95902571,0.99498649,-0.39640599,0.7156893
P54,2.712767862,1.817260532,1.002327272,1.30132542,2.25773166,1.578745385,2.843403946,1.428484924,1.234946738,1.525969966,3.117274777,1.683525282,1.496428545,1.674093671,-0.896177813,1.346216007,1.412370005,1.346615966,-1.113355702,1.35097175,0.880963042,1.171332347,0.004162122,1.435642131,0.758341987,0.333018012,-0.174933971,0.746913185,0.886516863,0.991867729,0.587679999,1.093284702,1.488045989,1.691447927,1.695455064,1.518327923,2.57471992,2.081966846,0.754541768,0.638638308,0.920062646,2.054203971,2.459969594,1.457025124,0.249207529,2.06638889,2.232608185,1.023223162,0.898861795,2.320490504,1.215153126,1.570468492,1.544465875,1.317011879,0.775234323,2.495479584,1.011952935,2.181211431,1.384107013,-1.038970723,1.353358289,-0.632341675,0.578799905,-0.538674531,-0.298703408,0.934278878,0.914961442,0.540608171,-0.803815701,-0.8218428,0.586680365,0.068441927,1.189070783,0.583728408,0.181026853,0.176642894,1.941021602,0.872365559,1.646377893,1.76364081,1.861037139,0.571357691,2.470849233,3.207284133,1.597192224,0.100036906,0.696133413,0.67127199,-0.50392723,0.433133843
P55,2.18935205,2.1116943,1.26578847,1.10414654,2.23670291,1.85379733,2.91542552,1.62143599,1.37239963,1.66818459,2.94897915,1.52489346,1.32270731,1.71135313,-0.90608088,0.72504156,1.40413543,1.65625462,-0.97773651,1.53341656,0.65604053,1.36907966,0.01886145,1.68068119,1.0023954,0.51492815,0.02436559,0.70866085,0.96394903,1.00577014,0.91944087,1.13052287,1.99456821,1.56026551,1.81361817,1.71592267,2.45825216,1.54540011,1.23627876,0.86865445,1.18123669,1.87599888,2.58213904,2.01943223,0.6425657,2.0445442,2.80891769,1.13464218,1.02369392,1.99589895,1.40002298,1.71608271,1.59333306,1.62144057,0.91441824,2.21371402,1.17789903,2.42502699,1.83438742,-0.7577941,1.1483722,-0.50452119,0.72096383,-0.07475913,-0.15365017,1.22984289,0.99790501,0.85073958,-0.81819858,-0.4816995,0.74243895,0.15309871,1.24156335,0.43342505,0.15486628,0.52520536,1.87608215,1.25711804,1.58076741,2.00190743,2.28417675,0.79072716,2.19148428,3.44987416,1.42596189,0.27903809,0.92218002,1.21890313,-0.25315041,0.62876015
P56,2.001804471,2.049382811,1.325158393,1.858068089,2.967770553,1.697476705,3.104266109,2.160333525,1.161126535,1.897721924,2.729420085,1.257446434,0.965160265,1.755309856,-1.020105694,0.592750309,1.356301095,1.923639653,-1.512183155,1.259096671,1.054285027,2.30142536,-0.184115115,1.201253801,1.251817867,0.483849489,0.070062185,0.540507886,1.138373627,0.953731886,1.090021419,0.869186434,1.991792047,1.486802962,1.806987113,1.849075,2.619673328,1.011011696,1.333348145,1.482975237,1.096717762,1.487969202,2.062892707,1.566001794,0.254227797,1.743087875,2.958679093,1.058662788,0.886145042,1.445426245,1.403563567,1.487289642,2.463012125,1.469112332,0.909731144,2.232803783,0.912829045,2.267970195,1.737894733,-0.947216728,0.943239349,-0.670297197,0.7799549,-0.605271821,-0.39252332,1.016585398,1.721395364,1.177811393,-0.40097606,-0.181818729,1.112054611,-0.013257112,1.776787645,0.470127705,0.473494954,0.704334946,2.530176129,1.351270381,2.044090367,2.215673107,2.177642542,0.597287426,2.405803293,3.552799557,1.200053121,0.384822632,0.713490028,0.641636876,-0.002450172,0.505138818
P57,2.192614443,2.184209193,1.306628218,0.752021081,2.846496577,1.692903556,3.092634402,2.097421233,1.252803656,1.800052618,2.769370642,1.293715513,1.088687303,1.67858613,-0.885631012,0.571928248,1.364840154,1.908295226,-1.373749943,1.29307033,0.273595519,2.194354846,-0.190473511,1.223463529,1.391752794,0.497578025,0.00663099,0.479436924,1.161420955,1.065031797,1.11192317,0.751772081,2.085489293,1.442972941,1.789023715,1.800388275,2.532883005,0.948903855,1.193291486,1.462316544,1.078859788,1.445049122,2.004286093,1.749457636,0.325400731,2.05146286,2.949100052,1.114841853,0.915848719,1.355947408,1.394581048,1.511735773,2.499534026,1.512315005,0.914367337,2.388113345,0.817158269,1.99703722,0.919753883,-0.867682637,0.946135352,-0.686696641,0.853998049,-0.366950636,-0.39385201,1.08936982,1.676596966,1.294290745,-0.518825889,-0.248550522,1.103815561,-0.006801923,1.831310877,0.566893783,0.304749913,0.694818386,2.457030185,1.485444478,1.934875885,2.205329813,2.09771547,0.655465024,2.335901544,3.586963978,1.224180721,0.263353856,0.802514505,0.763851812,-0.286027722,0.594000997
P58,2.21421555,2.22292581,1.38960771,0.80435174,3.21213418,1.96340701,3.19306392,2.27656099,1.29366134,1.9617738,2.66646929,1.17428848,1.08530202,1.47188045,-0.66805701,0.4201734,1.32825877,2.08351317,-1.46901724,1.29629792,0.55839412,2.3767693,-0.12922946,1.08174368,1.59310405,0.70851402,0.24957937,0.76448382,1.44563688,1.0303997,1.35462836,0.7818103,2.26781449,1.51428405,1.88787361,1.72382748,2.73158828,0.94922411,1.37796099,1.75342109,1.27364768,1.30703493,1.56876985,1.82627497,0.29460545,1.85139689,3.23745587,1.20422863,1.00118443,1.36617889,1.29333291,1.45738483,2.6640171,1.55040319,0.90463036,2.34114343,0.70948628,2.08147884,0.99006185,-0.60948252,0.92906541,-0.39420059,0.92591029,-0.24724852,-0.35191033,1.02774292,2.09718861,1.47580144,-0.30641654,-0.06519141,1.32949413,0.05183778,2.11804714,0.6778466,0.49201937,0.95355661,2.51246571,1.62575103,2.2780199,2.40371356,2.36640437,0.61584275,2.56593201,3.50429826,1.03613437,0.35186216,0.90714861,0.47249741,-0.14928145,0.58434019
P59,2.55256174,2.45926447,1.737911,1.32765687,4.06445271,2.44250167,3.73640972,2.549948,1.61244049,2.2679574,3.11452351,1.91228817,1.71382872,2.17980249,0.44500185,1.16425788,1.63576059,2.33055134,-0.08470232,1.70756288,1.1613322,2.47477621,0.41959535,1.44401492,1.32715086,1.10490157,0.61802408,1.3465345,2.21342407,1.83359646,1.39088742,1.42460934,2.9336824,1.93454634,2.46621282,2.12793969,2.9859313,1.49839999,2.124019,2.45162104,1.9230644,2.26512331,2.4341747,2.48113415,1.15759315,2.31797733,3.02058193,1.47318393,1.4203593,1.79086005,1.82303082,2.22137107,3.20944301,1.75912653,1.12171935,2.55432972,1.16411943,2.12621776,1.34935739,0.3842099,1.43588824,0.31753227,1.37921542,1.5718756,0.26097366,1.5077873,2.59970314,1.38982696,0.07447155,0.32785861,1.85367356,0.60714391,1.93069474,1.20858916,1.13691862,0.91895325,3.45866316,2.13549094,2.73779209,2.4851296,2.41974047,1.33259579,2.8699894,4.34929569,1.79874141,1.26562057,1.84558134,1.62515405,0.70441875,1.30054877
P60,3.5626575,2.4880254,2.0128394,2.5909693,2.7229127,2.3698105,3.9886717,2.0047016,2.5834358,2.8568437,4.9295172,2.6352808,2.5810227,3.2276769,0.742796,2.5226334,2.9657334,2.9908916,1.2454004,2.4387667,2.5085045,3.9678792,2.1285551,2.84151,1.5726805,2.3568864,2.0965336,3.7428368,3.451383,4.6530437,2.3628909,3.5343271,3.8690543,3.7825111,4.0076439,3.6605666,3.771626,3.3308868,3.1197122,3.3436127,3.4320942,2.9003883,3.6659275,2.3924865,1.1130158,2.78778,2.495346,1.660199,2.1969074,3.2044082,2.6873158,3.2612964,1.7510027,2.5542017,1.8212185,3.1050127,2.4993434,2.3021073,2.3579816,0.6966733,2.6082719,1.5668363,1.9681311,1.999711,1.1116478,2.8228475,2.5726938,2.1771597,1.2532651,1.6045947,2.0776522,2.0776926,2.5827943,2.9281762,2.4441502,1.4662064,4.0120952,3.1477408,3.4461612,3.2057942,3.3391683,2.6808311,3.5067565,3.8627278,3.4036928,2.6906303,2.6195529,1.6620405,0.3116368,1.3772917
P61,3.7673906,2.3940374,1.8266627,2.2860631,2.3806095,2.2383878,3.6809212,1.664915,2.1781276,2.423854,4.6813653,2.5815797,2.7883938,3.2285316,-0.1519921,2.1656043,2.6371253,2.6125412,0.6794269,2.6309111,2.4753199,2.7732109,1.5685536,2.2987391,1.1242564,1.9578289,1.7150663,3.1970258,2.9141212,3.8650395,1.9803397,3.2541199,3.4848807,3.3249633,3.2021735,2.8867569,3.0009098,2.7450833,2.7113977,2.9826286,3.1667612,2.2869477,2.64932,1.5208722,0.293312,2.7044443,2.3055289,1.4660683,2.0831962,3.2433252,2.4307096,2.8381032,1.5224194,2.0613296,1.4344594,2.8520575,2.4297475,2.2542362,1.8873621,-0.1973468,2.1110443,1.1307938,1.6388971,1.530586,1.3024668,2.0348488,1.6497473,1.6526044,0.7543702,0.9974895,2.0954763,1.5168861,2.0234608,2.3043344,1.9486288,1.0389688,3.5152421,2.8142255,2.7331515,2.4931627,2.5246758,2.0385384,3.0141183,3.6855184,3.2938854,2.2594518,2.0602205,1.0642891,-0.433397,0.714784
P62,3.1209174,2.0827937,1.5711971,2.3185327,2.3849753,2.1634191,3.4187298,1.6062957,2.1091855,2.2965268,4.7355344,2.4416086,2.5986201,3.4165353,0.5191693,2.6442202,3.0665286,2.847103,1.1949531,2.7311141,2.3849504,3.1224202,1.9849016,2.7110725,1.3754401,2.0129801,1.6831979,3.5178342,3.5334695,3.9927511,2.4506519,3.2908551,3.7868457,3.2822466,3.655388,3.2360136,3.3191333,3.1683454,2.6927939,2.8607022,2.9373691,2.894922,3.9883324,2.4479931,1.1611,2.2539036,2.125169,1.3696456,2.0196453,3.1691803,2.3501742,2.9141505,1.2577325,2.0531274,1.2816404,2.8288508,2.3388841,2.5099324,2.814187,0.6001002,2.5756412,1.4544182,2.1014365,1.8102552,1.3367853,2.5754765,2.2186722,1.9489137,1.2956808,1.2902812,1.7826817,2.0143207,2.6063639,2.8265118,2.4687371,1.419723,3.5921753,2.9625419,3.3226423,3.0274385,2.7512743,2.3077789,3.3831682,3.8563019,3.1312915,2.2271637,2.6494697,1.8714806,0.4366248,1.4762018
P63,2.220850422,1.103449685,0.585693157,0.949069978,1.326715525,1.076852094,2.380772906,1.14275345,0.998610567,1.130870076,3.382014462,1.255006134,1.136686458,1.842616769,-1.382585703,0.909928651,1.855714149,1.307996667,-1.38638699,1.214078105,0.70911544,0.989564144,0.073303717,1.425451338,-0.054959262,0.505950521,-0.125236874,1.610471804,1.249005884,1.291390117,0.657317262,1.683173646,1.638009236,1.66658068,2.083917083,1.81943597,1.88307687,1.295040836,1.222631896,0.982954126,1.129587159,2.069952224,1.808485658,0.791655309,-0.073780452,1.579913181,1.42191094,0.705461043,0.582301051,2.197987532,0.794368742,1.391336294,0.873211182,0.872484881,0.438609929,1.773428067,0.948231195,1.289511344,1.03771771,-1.430162386,0.752190747,-0.337516438,0.53350671,-0.235517811,-0.140678136,0.658278032,0.675516562,0.25575894,-0.504664153,-0.610960653,0.428771895,0.295818304,0.807795809,0.551009104,0.443045246,-0.009697954,2.117548807,1.318603934,1.687175923,1.654099115,1.278014726,0.521448459,1.529086793,2.687104741,1.933441169,0.52008289,0.409696262,0.316653302,-1.072939453,0.293156778
P64,2.56900292,2.39917136,1.55646905,1.19195583,2.43582707,2.27915401,3.26827242,1.91471773,1.56650886,1.97288253,3.37696655,1.70568382,1.81790308,1.88540174,-0.62982425,0.91013725,1.73256567,2.19823525,-0.69925685,1.56754487,0.91096416,2.00061179,0.33029786,1.80037132,1.61240268,0.83584602,0.12899569,2.10206818,1.16851634,1.34765469,1.42253286,1.1739313,2.1594765,2.03041954,2.01828861,1.89076427,2.69066415,1.10084973,1.72511099,1.26535057,1.82033411,2.10674251,2.33895504,1.89315836,0.64416983,2.18495376,3.08850322,1.45585956,1.33288588,2.1130482,2.33763218,1.85224755,1.93593073,1.96107613,1.00810264,2.46680898,1.06982702,2.45268826,1.64159941,-0.63426162,1.11390113,-0.48595709,1.2354139,0.5853423,-0.29027209,2.3050438,1.30624306,1.52858529,-0.20521628,0.49665829,1.14462491,0.41052565,2.02972741,2.21428337,0.29018163,0.65593566,2.02574979,2.19848002,3.57421014,2.29148539,1.97030175,0.48067571,2.35252078,3.75024669,1.51935102,0.57625106,3.53971846,0.88374546,0.00979905,0.9085155
P65,2.8816283,1.9936938,1.5473001,1.5362629,1.9915066,1.9126948,2.9621677,1.7692232,1.4404225,1.9359033,3.8730696,1.8812997,1.9929737,2.350238,-0.7742069,1.8146437,2.3415722,2.3767047,-0.5432445,1.8094493,1.5169647,2.3655543,0.8661097,1.8188451,1.548722,1.492853,0.8556052,1.9665801,1.7703764,2.1561731,1.3725919,1.7966276,2.5439403,2.0369765,2.2085453,1.9374604,2.7256538,2.0650951,2.0743654,2.0526887,2.105395,2.1816535,1.9112057,1.5178825,0.2967784,2.2505301,2.0902471,1.3953527,1.3937161,2.5130715,1.5681223,2.0843078,1.5271836,1.9064463,0.968554,2.5033197,1.6702863,2.0197587,2.09176,-0.9085862,1.7110104,-0.1252104,1.1827051,1.2990631,-0.1017313,2.356406,1.9498832,1.519208,0.4407888,0.2734554,1.3455854,0.7990727,1.9406642,1.4129123,1.1699044,0.2215512,2.3688864,2.1010712,2.2831394,1.9215452,2.0909867,1.2801844,2.5465874,3.9487119,2.2292485,1.8583175,1.1393283,0.811071,-0.2463329,0.6870335
P66,2.52889927,2.01434444,1.30901455,1.62376749,2.48923929,2.89427314,3.62157709,1.7649941,1.75399225,2.16736816,4.26440078,2.20331014,2.26155309,2.41816641,-0.20432197,1.67808261,2.50123696,2.36112617,0.06048897,2.35291772,2.0542277,2.41107729,1.73947151,1.93487213,1.485464,1.52356633,1.19789317,2.96180497,2.07014893,2.52362706,2.46197124,1.8769226,2.53603667,2.45001616,2.44276238,2.18658086,2.99189632,2.55478472,2.35175201,2.17801219,2.34999964,2.47406445,2.28375198,1.66668925,0.38009877,2.11229047,1.98031861,1.35810022,1.41848946,2.82943399,2.56299064,2.5817704,1.45739327,1.91404427,1.12860092,2.57604976,1.73852491,2.3209664,2.1533759,-0.52070038,1.7741171,0.45408134,1.50973504,1.76848633,0.76443064,3.20347901,2.25667132,2.23989462,0.6987471,0.85364351,1.40643976,1.09057861,2.08070521,3.00787421,1.97920101,0.54191731,2.66160314,2.3349842,3.83585814,2.20860544,2.2753043,1.43676294,2.86278514,4.04732894,2.13779336,1.77035727,2.4833945,0.93129749,-0.11650247,0.84314743
P67,1.97041197,1.95640696,1.15766732,1.09877,1.90506691,1.66360401,2.86971236,1.45410457,1.06256654,1.40966685,3.02612577,1.61392936,1.29745219,1.82546865,-0.97486069,0.63096914,1.70126353,1.46732579,-1.01398931,1.42853605,0.6796793,1.14604929,-0.010081,1.60507211,0.66573064,0.51366137,-0.06394128,1.17652125,1.02747029,1.2074125,0.700646,1.12776218,1.82690169,1.62176033,1.84724831,1.73133575,1.8310642,1.01970314,0.92002127,0.93182228,1.17203341,1.42327441,2.64265168,1.86477369,0.47562396,1.92522203,2.38816927,1.01845435,0.87769019,1.75895853,1.41322372,1.66284976,1.42982699,1.51788807,0.55582504,1.96725726,1.16623663,1.96250354,1.48352979,-0.96582921,0.86219044,-0.59769571,0.68716379,-0.18066131,-0.23643001,1.51237665,1.02763942,1.00455413,-0.6566848,-0.75750606,0.35891777,0.04966484,1.10109242,0.54857675,0.35795811,-0.11140133,1.81699339,1.47122419,1.56985797,1.87449763,1.44929516,0.33447295,1.7490158,3.2020356,1.50153008,0.3590692,0.7178489,1.02902865,-0.25348877,0.7164226
P68,1.922823957,1.747008758,1.03703883,0.895419356,1.909024219,1.629325336,2.898848553,1.628735104,1.056807035,1.680267387,2.966977879,1.531283317,1.447191293,1.69067364,-1.098285195,0.707980105,1.499339236,1.458239754,-1.218218845,1.105453171,0.485755008,1.120155532,-0.329574844,1.304331112,0.599348487,0.249182435,-0.384510172,0.871587795,0.677066292,0.779769751,0.588084634,0.799574849,1.415163245,1.372599721,1.578838223,1.625641802,1.553984906,0.683079188,0.749850555,0.684463689,0.806362616,2.176480214,2.412846906,1.520280271,0.275769436,1.668986703,2.38900899,0.949108238,0.782122334,1.87188976,1.348480252,1.588558892,1.422557898,1.393991528,0.704627584,2.084981774,0.910545679,2.014153234,0.994013543,-1.076926806,0.820180552,-0.729496682,0.538753947,-0.546733161,-0.567873916,1.024961378,0.790461056,0.776923971,-0.314170696,-0.80118881,0.142827538,-0.266755719,1.002588419,0.521191913,-0.097610283,-0.130549736,1.598059886,1.307387482,1.552776534,1.654220094,1.264245983,-0.004923066,1.493001157,2.830450229,0.894721795,-0.202771298,1.256943825,0.566623069,-0.212313457,0.48144096
P69,1.99601662,1.8726773,1.04101036,0.92448417,1.88073791,1.49780992,2.81316168,1.48613612,1.05541079,1.51124459,2.90454997,1.21514878,1.59142741,1.64287508,-0.91671913,0.47415084,1.6176934,1.4121082,-1.11438486,1.04415986,0.63042075,1.06920031,-0.24424013,1.43470419,0.66590619,0.39673983,-0.14715673,1.03177609,1.0342935,1.14001003,0.70246791,1.24078244,1.68510044,1.47660126,1.98116783,1.82527839,2.33464724,1.34158008,0.97273147,0.90514419,1.0414029,2.19748443,2.85814581,1.82121845,0.35175999,1.74642911,2.2221543,0.85824977,0.86786009,1.90740143,1.13712357,1.60735863,1.36561519,1.35090119,0.61077939,2.07205035,0.96969608,1.87070959,0.881684,-0.91227729,0.852289,-0.61884386,0.52714526,-0.55574961,-0.52204216,0.95793013,0.98894608,0.63794468,-0.77799194,-0.75168353,0.62841397,-0.1036411,1.143228,0.29185197,0.16409109,0.11142407,1.83644935,1.21109156,1.74460374,1.82401869,1.70693904,0.60186268,1.87467354,3.19169169,1.28614091,-0.07318194,0.68719752,0.98246452,-0.20450409,0.50984511
P70,2.28185813,2.40563952,1.78396737,0.92155684,3.44336748,2.11982994,3.52492683,2.47040053,1.54904182,2.14126061,2.8323815,0.88583199,1.38405411,1.99349221,-0.51093011,0.77044171,1.37152112,2.64104104,-1.3639847,1.60849536,0.68334451,2.78620303,-0.05814696,0.98604801,1.8712383,0.87575175,0.29816216,0.82554194,1.37328332,1.11466735,1.43880742,0.77225319,2.12619509,1.94715647,1.91064599,1.86338628,2.94593112,0.89111279,1.50550445,1.53319188,1.22428046,1.08249193,1.78822735,1.95465614,0.41603252,2.13595842,3.44242842,1.38256696,1.12639448,1.48081614,1.50965709,2.00134173,3.30044728,1.83360474,1.15421334,2.59785117,1.1416041,2.44352121,0.96285026,-0.42942104,1.35302754,-0.41042252,1.04412893,-0.32229904,-0.13615795,0.85929111,2.29744423,1.89074371,-0.11841561,0.24295717,1.53976915,-0.04040898,2.30063004,0.65254807,0.23729469,1.10592226,2.43934773,1.52917003,2.25544779,2.56163741,2.34420549,0.40765925,2.66239632,3.60687413,0.92611915,0.14279639,0.92104626,0.88871165,-0.23903123,0.78490012
P71,2.7220277,2.43715783,0.96221571,0.72563941,2.8236989,1.28468553,3.07291274,2.04559883,1.10383541,1.71787585,2.65088977,0.68412853,1.6191567,1.48069902,-0.87561511,0.58711678,1.42493488,1.76883802,-1.42544946,1.08805737,0.49415799,2.22488796,-0.27837628,1.34447106,0.89781897,0.42589223,0.02503185,0.38995692,1.08282941,0.9749237,0.76732434,0.67808022,1.67004401,1.22591762,1.69808891,1.7856124,2.35346892,0.80240536,1.36143391,1.44817155,0.86566216,1.7670321,1.56998303,1.56773453,0.26408165,2.4403897,3.19636016,0.81560134,0.65259201,1.55848357,0.95739478,1.30669448,2.32669229,1.22588184,0.47531437,2.05305697,0.63073087,1.78063716,0.78211215,-0.81610533,0.97851028,-0.65541633,0.75807246,-0.55182025,-0.29094008,0.98772854,1.77019159,1.06277274,-0.31797317,-0.38809044,0.93506194,-0.07130258,1.37270912,0.47976926,0.2124755,0.32960193,2.68376491,1.19285318,1.9153886,1.86268362,1.58267697,0.28918288,2.02071075,3.59052636,1.27658978,0.10522673,0.72195874,0.55090894,0.04245286,0.5755558
P72,2.021619684,2.087698275,1.241849745,0.809270717,2.200831002,1.743311391,3.145918191,2.193947544,1.297593564,3.066592889,2.428376796,1.869095243,1.225897207,1.604421447,-0.581300147,0.57819518,1.63104892,1.948261517,-1.225552982,1.30361535,0.695894556,2.290591445,-0.171686875,1.395222873,1.301182044,0.486730593,0.019437376,0.428968847,1.108320584,1.036078201,1.114920555,1.207409804,2.002051185,1.417347182,1.638483819,2.56003316,2.523816414,0.801279884,1.058017674,1.432358846,1.094629649,1.623262953,1.756305078,1.936600283,1.097632263,1.882692434,2.794061459,1.073978304,0.898387983,1.849824764,1.218007866,1.531044553,2.604730728,1.487963859,0.784682436,2.254706983,0.844368385,2.092224313,0.843450389,-0.360647588,1.609253796,-0.589875114,1.331172744,-0.26945187,-0.429061404,0.823111461,1.523689126,1.330720082,-0.337965268,-0.351575589,0.871155716,-0.001675024,1.72614363,0.545146035,0.331519139,0.672435406,2.340139786,1.315749224,1.87715054,2.252865138,1.903785714,0.473727812,2.413551593,3.886770243,1.03815649,0.208079475,1.031279447,0.573842682,0.211874916,0.785713532
P73,2.35700351,2.48227017,1.76694558,0.89225212,3.37710517,2.0712753,3.39890074,2.41521812,1.55009613,2.26407542,2.71107784,1.39452338,1.43214302,2.07812972,-0.38642036,0.64377421,1.55087253,2.6224913,-1.2596906,1.74497671,0.8304344,2.93593013,0.02719318,1.09210432,1.97874354,0.85379088,0.2581433,0.93547242,1.43982221,1.29530198,1.65864011,0.80723837,2.31351569,1.63186219,1.95207832,1.76866279,3.1141556,0.77788979,1.52651733,1.64057514,1.32638901,1.2161868,1.95293171,2.26982442,0.45838216,2.27643506,3.41887104,1.45312538,1.11516171,1.60092048,1.44189418,1.98001918,3.05392356,1.89826384,1.28569702,2.52313562,0.92942982,2.46341114,1.09582819,-0.01079442,1.286475,-0.28154931,1.17428454,-0.05607425,-0.05620739,1.10588416,2.28003737,1.9841905,-0.07322028,0.23801348,1.48635244,0.10484422,2.43456895,0.8812622,0.43576751,1.31763104,2.40944524,1.62527111,2.36920972,2.77599165,2.48076296,0.64011727,2.81533527,3.44238877,1.07153496,0.29417912,1.24119598,0.5782536,0.15778164,1.15606902
P74,3.43335997,2.27206206,1.59071004,2.04401307,2.16042751,2.00020964,3.37956623,1.67357078,2.12608902,2.38853258,4.46386628,2.76857741,4.68177368,3.06251071,-0.04829905,2.12764531,3.02189813,2.45782944,0.62698963,2.98968522,2.32391507,2.55883356,1.50175605,2.72925545,0.84210494,1.68790184,1.11533949,2.63882935,2.78764613,3.53718834,2.05818968,2.8217096,3.12667687,2.72669209,3.07644014,2.85994597,2.98224812,2.55387558,2.18439039,2.42831847,2.49706847,3.18988383,3.30773718,2.42586782,1.28597776,2.36536331,2.30824598,1.30186037,1.86802814,2.54688242,2.20066783,2.73598254,1.45063042,1.93583279,1.60772361,2.87366249,2.48567526,2.3409787,2.22416458,-0.01600187,2.21219549,1.02267056,1.58258493,1.34172733,0.75761441,1.54943687,1.65354052,1.47441318,0.66129761,0.70174556,1.61836949,1.46405216,1.70957946,2.10353019,1.74128873,0.74336126,3.05027738,2.26845828,2.49428991,2.53801524,2.367388,2.15779288,2.80559103,3.23518239,3.00535305,1.81553043,1.88221044,1.70580599,0.55086174,2.08280198
P75,2.95274247,2.05036273,1.42856316,2.13053579,1.85009984,1.84406983,3.28114717,1.32303058,1.95932412,2.22132248,4.42614895,2.92580326,2.5430125,2.98976578,-0.05972664,1.49950211,2.51406679,2.11633903,0.23693964,2.30632168,1.99424266,2.22529958,0.9937563,2.11982553,0.44503254,1.46786434,1.0315248,1.89629467,1.59596529,3.46050576,1.36821591,2.04048739,2.61493121,2.56473326,2.49076881,2.20335641,2.47407142,1.87801297,1.759705,1.70942855,2.0542322,2.65351353,3.36806572,2.24273084,1.18719059,2.26375663,2.16260999,1.03015047,1.77845308,2.44887896,2.10118715,2.6186968,1.14888284,1.85474411,1.26128056,2.86561453,2.27639796,2.05673761,1.23941102,-0.22226452,1.86209798,0.72406967,1.0961993,0.70505274,0.52370674,1.25264446,1.02741993,0.66752584,0.18179279,0.24116677,1.26843248,0.69564627,1.24009889,1.45604556,1.30548978,0.24140864,2.64469112,1.90413356,1.88983451,1.86972804,1.57189152,1.55161343,2.02853646,2.09315054,2.31787213,1.33899736,1.45487454,1.77128208,0.35998758,1.48371239
P76,3.4717278,2.0871922,1.7345756,2.2673044,2.2499815,2.2465197,3.6856624,1.6268487,1.9144532,2.2734451,4.6558633,2.5000861,2.5790863,3.1853478,-0.2162115,2.1221213,3.063208,2.491304,0.6346381,2.550157,2.4838947,2.4218848,1.3537101,2.5066409,0.7664283,1.9942001,1.3590216,2.359809,2.2155442,3.7243825,1.7794798,2.9186526,3.3700053,2.9017719,2.7504534,2.5361988,2.8490471,2.4670181,2.2997161,2.4795117,2.4463335,3.2525153,3.6964323,2.3669724,1.1989564,2.5591835,2.3051693,1.2811849,1.9687182,2.9367541,2.2886435,2.6978639,1.4493208,1.8253902,1.3314246,2.8761672,2.43677,2.2504523,2.4795106,-0.1600275,2.1592407,1.0665574,1.6801154,1.5960041,0.8986445,1.937515,1.4878809,1.5420455,0.6411685,0.710549,1.8057899,1.0194519,1.8749515,1.6043743,1.4540115,0.6000567,3.1902722,2.428594,2.1273038,2.2529077,1.9578255,1.8031588,2.7683902,3.6039803,2.9361206,1.9805639,1.7179783,1.8644947,0.4740225,1.256355
P77,2.3225855,2.0250818,1.2521481,0.9937589,2.0007471,1.805722,3.0444316,1.5615574,1.1015503,1.747012,3.061109,1.7005582,1.5273601,2.0601514,-0.6516973,0.8216236,1.7798681,1.7932693,-0.9849237,1.4143662,0.9501112,1.7791961,0.1006133,1.4234203,1.0384394,0.7041594,0.04955,1.0688649,1.1429752,1.5266151,0.9543891,1.1047995,1.908125,1.3908166,1.7220661,1.8000385,2.3107584,1.0454133,1.0037765,1.1373298,1.3877973,1.835431,2.4098631,1.8150036,0.6594076,2.1705751,2.9132638,0.9860294,0.9723809,1.8919561,1.9810658,1.6760011,1.635082,1.5817598,0.7426185,2.6136889,1.4618136,2.0409744,1.8523442,-0.7530401,1.4188428,-0.1687865,0.8704659,0.3368603,-0.2297995,1.8068226,1.0971053,1.3090071,-0.5397022,-0.1480072,0.7158182,0.1606725,1.7344775,1.1238558,0.2580258,0.2944034,1.9473727,1.3993139,2.0238057,2.1253202,1.6263815,0.6192365,2.0319959,3.5611076,1.4633349,0.1245552,2.3456124,1.2335242,0.1987074,0.7132028
P78,2.39083406,2.10062101,1.42078806,1.08016081,2.15869246,2.10696023,3.05772329,1.78961776,1.27654278,1.90264706,2.80904148,1.71977992,1.70456157,1.94260173,-0.60977198,0.92683007,2.03414237,1.96837759,-0.7749194,1.46475798,1.12880785,1.85941378,0.12967549,1.24327083,1.19592923,0.85221649,0.23915204,1.20506781,1.20281461,1.6123604,1.26687821,1.36880008,1.87641838,1.4797471,1.77352387,1.94999676,2.55971301,1.12742051,1.19851669,1.09724825,1.14204199,2.9292984,2.36110742,1.84495026,0.4894666,2.31732279,2.84029949,1.15121123,1.28134033,2.00187552,1.33356771,1.84352451,1.72150682,1.66273002,1.10380506,2.49800991,1.56182408,2.10358799,1.89151243,-0.76492136,1.57959436,-0.31532281,1.05549306,0.18278408,-0.07427342,1.18625719,1.27634802,1.23985949,-0.28321156,-0.29743944,0.760872,0.23116435,1.81006568,0.74840448,0.49192908,0.3450971,1.84515788,1.31527447,1.45221358,2.19555303,1.73320887,0.69625819,2.04975,3.39887268,1.45133404,0.44262112,1.05962493,1.11533291,0.2436713,0.77058929
P79,1.9985402,1.1757634,0.5330098,0.9347311,1.2874981,1.1598633,2.4040868,0.7316963,0.8874059,1.0741476,3.1695182,1.9549979,1.1087212,2.0067449,-0.8933778,1.3246328,2.0584047,1.0725707,-0.6964518,1.4329247,1.1571086,1.0038707,0.2058811,1.5543745,-0.2366756,0.6726492,0.4371426,1.1840994,1.7231946,1.7777795,0.7146676,1.4394827,1.6083861,1.504756,1.8573843,1.8118298,1.9794804,1.4692648,1.1752341,1.1060424,1.1033062,3.3535853,2.0508683,1.3233979,0.1491828,1.8178568,1.378589,0.2880537,0.8847554,1.5025933,1.0484388,1.5461077,0.3347782,0.5430561,0.2188785,2.1885384,1.3911981,1.2542814,1.0137085,-1.0240572,1.3716658,-0.2228502,0.5610093,0.7745038,0.0181737,1.0639723,1.1855025,0.3581,-0.4569962,-0.2137914,0.5934768,0.3449148,0.7071594,0.9609916,0.7164363,-0.2316589,1.9625317,1.1437073,1.2757709,1.6346654,1.2528201,0.7548512,1.4961819,2.6186356,1.7085991,0.6462585,0.6383987,0.8866552,-0.3119828,0.6588385
P80,2.70149478,2.02522689,1.24321851,1.39540334,2.04986477,2.74499003,3.01660717,1.57879428,1.60472878,1.70460909,3.65624598,2.0522305,1.77418644,2.14030361,0.09108794,1.43375041,2.23972566,2.10396915,0.0949863,2.18967528,1.81485791,1.66071207,0.65596368,1.99982478,0.79388183,1.25486052,0.79016668,1.47103414,1.80701907,2.11271245,1.28136427,1.60284801,2.30634859,1.71827587,1.99783704,2.20932459,2.64595347,1.65089045,2.03569672,1.66049516,1.80658566,3.28430706,2.34536965,2.00709246,1.05176825,2.23592568,1.88528954,1.05121788,1.37918603,2.50247083,1.68702675,2.14477212,1.23607884,1.7130182,1.02143007,2.88475866,1.52664279,1.80553031,1.9152827,-0.58914051,1.83628677,0.32171887,1.24644461,1.05327628,0.31222573,2.13453647,1.55906395,1.22095497,-0.03501562,0.35722953,1.37932246,0.78557679,1.45185732,1.48911808,1.11350439,0.33425633,2.14682338,1.58129863,1.70234588,2.2083217,1.80563963,1.22767461,2.35964766,3.79252829,2.19887697,1.32457976,2.20327301,1.43438975,0.02671948,1.02327678
P81,3.1173501,2.3649703,1.5760525,1.6064202,2.8744239,2.3125594,4.4154503,2.3375441,1.566315,2.5019944,3.1157716,1.9951985,1.6877469,2.1472631,0.3798413,1.6504156,1.595081,2.1063752,-0.7773551,2.1572889,1.5984136,2.9040216,0.2446829,1.695287,1.5980135,0.8985567,0.2084795,0.79741,1.4817548,1.4039134,1.2256303,1.3706217,2.4238151,1.8259791,1.9463507,2.2057818,3.7776903,2.8271696,1.3012682,1.6403623,1.9993013,2.5014486,1.8704756,1.9526817,0.8971556,2.7424692,3.1174476,1.4638629,1.2561105,2.5645666,1.9163824,2.097006,2.9004786,1.6128929,1.0970625,2.7930261,1.1243542,2.5590537,1.823319,-0.5622377,1.5677252,-0.3010116,1.5300443,0.3274987,0.2147816,1.9613504,1.7099807,1.363733,0.5069086,-0.1438009,1.5638197,0.6175591,1.8762467,1.237862,0.9163762,0.7950926,3.0310818,1.8680063,2.8292001,2.4916318,2.3307504,1.7225631,5.0040434,4.248355,2.0772632,0.5631627,2.424942,1.0661878,0.6724618,1.0092199
P82,2.402695448,2.141692638,1.576379138,1.194774659,3.279217404,2.23842407,3.651935048,2.445145939,1.467950034,2.135388298,3.071847571,1.785950796,1.763785655,2.074525908,-0.357629771,1.303953496,1.477294615,2.237511729,-0.953218976,1.688395696,0.879807789,2.566162787,0.227882188,1.555445323,1.420404592,0.788120893,0.385821649,0.903098264,1.774856818,1.353591946,1.252011587,1.163466053,2.35411786,1.854195193,2.07815635,2.159437603,3.664571566,2.497005744,1.771927785,2.265378297,1.39445532,2.611496608,1.683098741,1.841934645,0.636197833,2.266912807,3.06744409,1.259482249,1.111069177,1.954974877,1.901452437,1.913331996,2.386430852,1.614060124,1.05003446,2.495114854,1.068612625,2.143283358,1.43360736,-0.465465498,1.223616416,-0.211117391,1.389350303,0.350497392,-0.016475945,1.813725959,2.173992659,1.27528055,0.002745788,0.08499442,1.396212808,0.539444592,1.917396379,1.107162051,0.930603575,0.809623581,3.673586443,1.873758714,2.623008056,2.40361135,2.264599456,1.18377403,3.297342331,3.923892062,1.752412305,0.88519856,1.891874936,1.025411431,-0.037699184,0.769407482
P83,2.823171957,2.726833122,1.933334961,0.996182084,3.319438142,2.327930109,3.64521711,2.386364533,1.691766372,2.414228202,2.985225493,1.656716315,2.377189528,2.086106029,-0.400752195,1.252658951,1.599335874,2.471443467,-0.852831144,1.871204081,0.765006351,2.791217702,0.032895932,1.328453413,1.990559859,0.882897173,0.442314406,1.295528847,1.675447234,1.440121385,1.559068769,1.346032382,2.624181236,1.96813249,2.217800227,2.103135261,3.149261634,1.739604007,1.524625552,1.829342015,1.413950586,1.729531461,2.179865118,2.111188927,0.819144102,2.688393489,3.0134174,1.657271456,1.474101811,1.768080739,1.938865391,2.204655892,2.830104089,1.945287637,1.484129516,2.771906377,1.333547385,2.661880514,1.43586619,-0.281307735,1.519302913,-0.071845108,1.275721755,0.416458611,0.080098981,1.400438193,1.991961102,1.772226984,0.000554317,0.214841136,1.529029235,0.450318436,2.271922704,0.995254815,0.721097599,1.251251217,2.93656104,1.992265961,2.39423143,2.743722502,3.359086132,1.066605116,3.022719099,3.678948559,1.83316332,0.78964221,1.844841552,1.099128819,0.074250252,0.928106269
P84,2.85382095,2.52449259,2.01470897,1.32170957,2.80471815,2.70128115,3.6520312,2.42555984,1.83477733,2.42116574,3.72867797,1.95842483,1.83053254,2.49231534,0.31730645,1.46022279,1.9580595,2.69891773,-0.25001607,2.13513252,1.36019026,2.78258495,0.476837,1.70122101,1.85486185,1.12255212,0.55898064,1.78706853,1.58735833,1.65512527,1.61899498,1.51404649,2.62365405,2.50511952,2.19385301,2.3838923,3.17597609,1.90719751,2.41050273,1.92198537,1.6248777,2.51919481,2.50060039,2.45705045,1.05831606,2.52064535,2.87801209,1.76681898,1.52595663,2.00568708,2.65282708,2.58090378,3.07141991,2.09571179,1.74959158,3.00191154,1.52775462,2.67412519,1.24798742,0.48697719,1.64714148,0.01794347,1.4393918,0.39417873,0.42127176,2.03005693,1.80448988,1.96178693,0.10831334,0.70939429,1.69732087,0.5608535,2.28071128,1.52835315,0.75306215,1.29296174,2.7816196,2.31189708,2.97220206,2.84447643,2.79919425,1.42342841,3.14020755,4.11793382,2.24571811,1.21179031,3.08854101,1.33139418,0.21657233,1.12444601
P85,2.67588753,2.02033132,1.09893968,1.41184762,2.25821444,1.96073204,3.80379968,2.06053902,1.49558536,2.67949177,4.08605616,2.04737149,1.99812836,2.38098067,-0.62668006,1.34162944,1.97127025,1.96176088,-0.29417656,1.85053434,1.80780459,2.39372953,0.66401934,1.62751195,0.60827677,1.09412719,0.43901502,1.83475676,1.98927939,2.12570219,1.05784249,1.8550285,2.32235429,2.26017326,2.19269445,2.07461376,2.4547837,1.80041444,1.54284476,1.95582377,1.76156672,2.68448723,2.30115538,1.73051565,0.57315343,2.16252164,1.82356237,0.96618154,1.3739563,2.07695597,2.09068834,2.33812598,1.65150152,1.5823088,0.9802623,2.47589348,1.75403135,1.85520698,1.21864463,-0.59591562,1.40791316,0.07563279,0.98598531,0.74811254,0.4358791,1.73503595,1.13223974,0.84608665,0.19556367,0.03680316,1.10733579,0.55841573,1.50670011,1.65411373,1.6147704,0.39913304,2.85213901,1.74536996,2.17776936,2.05646126,1.93227602,1.33781076,2.52811697,3.73466204,2.12349527,1.1654442,1.30951052,1.17675752,0.90040404,0.82128443
P86,2.22917251,2.00348871,1.17432248,1.22524751,2.32973316,1.70941442,3.36496927,1.95216229,1.32729619,2.3946203,3.15782364,1.78575979,1.68970203,2.12495009,-0.97566411,1.34263032,1.88242585,1.80854335,-0.76288136,1.48533299,1.34723217,2.00589196,0.16892942,1.73586219,0.7517259,0.67548752,0.12416601,1.25524228,1.54759948,1.77633947,0.97156136,1.466918,2.35836038,2.06354939,2.01675631,1.93533297,2.16508851,1.42099897,1.70381907,1.47955452,1.19561363,2.86870438,1.78493498,1.54094254,0.40129135,1.91651639,1.94512418,1.09612464,1.28986617,1.82791419,1.60960248,1.77071509,1.50853544,1.44651592,0.76627237,2.28528513,1.33240414,2.05939438,1.24083512,-0.98498714,1.13626633,-0.41477149,0.69018823,0.04929553,-0.0499251,1.4325155,1.12307689,0.79728535,-0.03608291,-0.42498428,0.66246708,0.31988466,1.55720846,1.20640113,1.30236298,0.30421994,2.52826962,1.72076909,1.88576478,2.2408534,1.93616551,0.99252585,2.4859929,3.41132403,1.82590302,0.65035915,0.9784936,1.13854844,0.62173629,0.68502276
P87,2.38239121,1.57007713,0.73674351,0.89557798,1.83555738,1.19804669,2.93567963,1.2358312,1.06003914,1.52268357,2.97273567,1.53323563,1.2628027,1.74558009,-1.0221176,0.72187597,1.66461881,1.27203384,-0.92182473,1.23159784,0.71039962,1.55568933,-0.10600024,1.73886896,0.29272346,0.39385643,-0.09696374,0.82828251,1.1820788,1.24142794,0.57760453,1.05797585,2.1350478,1.49580937,1.77417871,1.61705305,1.91653564,1.16520232,0.67516614,0.96087506,0.95983959,2.76297913,1.99770268,1.30371097,0.10360693,1.93890706,1.47049192,0.66592318,0.83590836,1.60165498,1.07908527,1.63025057,1.28564725,0.79295737,0.49580938,1.77918084,0.98477456,1.54845694,0.54215463,-1.06357713,0.79279568,-0.69193051,0.48725869,0.2200418,-0.35783622,0.76503204,1.09721062,0.37582477,-0.47466496,-0.65849975,0.53105071,-0.06261871,0.87751609,0.7137206,0.52765128,-0.21939443,1.90611587,1.27456818,1.51983586,1.71874869,1.50372001,0.6084415,1.69982865,2.88311988,1.61788504,0.16672135,0.95106695,0.70546597,-0.38595569,0.57771854
P88,3.17590708,2.19866018,1.43126695,1.97167504,2.31202605,1.79666874,3.31097942,1.82820078,2.20809706,2.39456123,4.19630149,2.51089155,2.22029039,2.71513478,0.08128221,2.07923435,2.69230202,2.67787471,0.61951005,2.2832852,2.34022399,2.96718138,1.51996812,2.54217888,1.37546349,1.74667372,1.58985207,2.69384708,2.83186519,3.61341447,1.83018662,2.49273222,3.54574132,3.03819926,3.07851311,2.84426869,3.16170287,2.61186037,2.54820989,2.8317676,3.0656846,3.20080692,2.68418359,2.00479372,0.83756249,2.04408563,2.05757421,1.25514627,1.7940724,2.4173653,1.96625239,2.1860189,1.53082685,1.95403281,1.35005658,2.5781224,2.0784001,1.92828468,2.24989827,0.05188087,2.10716418,0.7064067,1.5968328,2.34515872,0.76276653,2.35219604,1.90991786,1.9528285,0.88768956,0.92995854,1.81431028,1.49797539,2.63269305,2.26543511,2.24505802,0.89987729,3.27787764,2.7113522,2.93058454,2.56024362,2.74140968,2.09988797,3.20193553,4.073288,2.77231719,2.61900396,1.59854867,1.47524197,0.28269096,1.19511689
P89,2.85095755,2.29192944,1.57788478,1.71471681,2.35665933,2.23498753,3.46259382,1.7588931,1.81106027,2.53200297,3.85223118,2.27171582,2.77790892,2.61259998,0.1438259,2.34374225,2.81976361,3.18843452,0.59122429,2.81566348,2.63807083,2.86948825,1.40162023,2.07905636,2.28706739,2.16713719,1.67531026,2.58495778,2.50697333,2.84163135,2.02647128,2.55025175,3.46561549,2.77877661,2.89754333,2.66091509,3.51664115,2.84049645,2.89213374,2.98014043,2.92411493,2.86352185,2.664082,1.97993599,0.75046466,2.78646834,2.11699341,1.56073624,1.82261341,3.07512917,2.14605563,2.50043846,1.88485161,2.03596341,1.36142877,3.04333454,1.95137468,2.60883988,2.61902013,-0.08074534,2.88453082,0.95846966,2.1158639,2.21429111,1.11588177,2.86458758,2.72856435,2.43471519,0.94120468,1.32207775,2.33804518,1.45133416,2.73708539,2.14245875,1.81851269,1.36254225,3.14294661,2.95148036,3.05067147,3.06519955,3.07016225,2.08844697,3.68074675,4.70505169,2.90215407,2.9691457,2.01120802,1.64410058,-0.07813077,1.16659973
P90,2.9861876,1.8866973,1.2449142,1.7367134,2.0371259,1.6523648,3.3102011,1.5619089,1.6789155,2.2355033,4.4276926,2.2582198,2.1890194,2.4818692,-0.1677509,2.1942827,2.5758629,2.5944493,0.3988938,2.4197264,2.4924109,2.7576656,1.2359846,2.1553172,1.376868,1.8388632,1.4705313,2.7718738,2.6289885,3.0817562,1.7099616,2.5487863,3.0815001,2.6454384,2.918356,2.5126081,3.0691935,2.4688697,2.5463175,2.5731262,3.0771069,3.0025441,2.4156604,1.8260457,0.588605,2.2076928,1.784495,1.210946,1.7552319,3.185475,1.8740318,2.0379748,1.1110169,1.8923019,0.8931299,2.6400631,1.8432007,1.8749734,2.2528754,-0.1144499,2.3537808,0.7904134,1.7727938,2.2436103,0.775017,2.3377578,2.1105756,1.6754531,0.8045258,0.9913112,1.5842319,1.3628382,2.3723515,2.1093512,1.8221782,0.7408465,2.8953072,2.4999267,2.731822,2.4762731,2.7524876,1.787862,3.1127595,4.2283689,2.966452,2.3990817,1.3228044,1.2085423,-0.1510773,1.0494601
P91,2.9437733,2.3492363,1.8142413,2.2724738,2.342072,2.0568057,3.6413852,1.9042533,2.3107404,2.473243,5.0958903,2.5894485,2.7610646,3.0381126,-0.2738768,2.2970796,2.9480937,2.6419919,0.1283744,2.6036154,2.7267482,3.0755388,1.6749427,2.6510234,1.3389635,2.0781958,1.8055933,2.8198557,2.5141847,3.1516344,1.5243062,2.5716787,2.8880053,2.7918247,2.8729507,2.7103802,2.7313071,2.4122208,2.2504947,2.2355628,2.6120439,3.2114975,2.4673441,1.7916792,0.5102895,2.4026673,2.2322147,1.6060483,1.9970283,4.930264,2.2888521,2.7055259,1.6149802,2.0760856,1.4658118,2.8210457,2.4051374,2.3591111,2.1738439,-0.1570643,2.256825,1.2542798,1.7482492,1.6592007,1.151996,2.3134868,1.8473913,1.8961862,1.1055066,1.2568364,1.9891228,1.7768966,1.9301321,1.8885908,1.5241776,0.6223919,2.7911697,2.3374855,2.4229996,2.22218,2.1102349,1.7127317,2.590529,3.2535509,2.7131052,1.5357884,1.4812563,1.2285369,-0.1571471,1.0557915
P92,3.13621902,2.26946154,1.99087033,1.10499768,2.78120309,2.38830545,3.57679633,2.20173788,1.84615839,2.43074443,3.42824217,1.53714875,1.49526521,1.76375878,-0.23124046,0.93775741,1.8134775,2.74659192,-1.36059267,2.05953796,1.20856981,2.59441349,0.05536689,1.52757528,2.13013995,0.98818415,0.2256569,1.29380735,1.42523243,1.42823473,1.70901774,1.51609682,2.28912157,2.38861403,2.16824741,2.11460009,3.32254936,1.23659772,1.63496166,1.50305088,1.30417676,1.83492061,2.15954094,2.115256,-0.11124201,2.27652829,2.23309867,1.90665097,1.38561506,2.64244443,1.64588801,2.52703361,3.10525896,2.13976777,1.71832711,3.01886206,1.33121326,2.99795549,0.79344846,0.0779806,1.63224612,-0.14794149,1.53915448,-0.57768618,0.4609925,0.95774883,1.81273103,2.13677764,-0.25922282,0.19050845,1.25384281,0.40469468,2.64631807,0.67439378,0.54301531,1.50609956,2.08294388,1.47571323,2.18924381,3.06400775,2.65178885,1.06391911,2.85607988,3.47380577,1.55501912,0.17946804,1.24706947,0.3368651,-0.16689256,0.72801118
P93,2.2936011,2.09194287,1.2752443,1.12956995,2.06266245,1.65740468,3.20425491,2.00274767,1.33149904,1.82979842,3.57721005,1.35770527,1.63731322,1.926491,-0.8330269,0.92520971,1.94759281,2.10019915,-1.01389492,1.51835064,1.00253478,2.1507244,0.21900017,1.4462182,1.21282783,0.6300618,0.06515426,1.90788644,1.45777378,1.37580686,1.0150571,1.37810563,2.06596398,1.87216237,2.06653474,1.85610806,2.4008465,1.19526257,1.3588738,1.41492046,1.45960677,1.15404064,1.90451026,1.55680967,0.27565271,1.79395807,2.61653016,1.13390719,1.06798977,1.8650727,1.24416119,1.82593024,2.2421095,1.65366278,0.91361181,2.18255461,1.07698408,2.00345952,0.97816196,-0.90938216,1.19241614,-0.27333539,0.9776056,0.10627869,-0.15862945,1.19416419,1.20338083,1.21002979,-0.18301021,-0.06666869,1.06916989,0.22911599,1.69831487,0.34542181,0.52971894,0.41626095,2.01425749,1.45009498,1.99066218,2.13963942,1.70526164,0.5946547,2.17180226,3.67536415,1.65078811,0.52484642,0.82293011,0.59342241,0.10208281,0.65998096
P94,2.606875272,2.496767354,2.058733304,1.168422628,2.668769939,2.133205827,3.601002048,2.1419186,1.630079441,2.484196729,3.271052918,1.171709816,1.522844924,1.89202973,-0.311577849,0.846402872,1.851814482,2.466994012,-1.160071287,1.978459395,0.889853147,2.667582743,0.005877689,1.686730612,1.960784543,0.821620139,0.06428796,1.328283187,1.321118678,1.198077731,1.391709828,1.120503973,2.358950617,2.079634726,2.008499805,2.120892523,3.043511716,1.003153452,1.042546117,1.19251989,1.369562021,2.215533854,2.318099918,2.195266621,0.516766151,2.323966499,2.600081674,1.911739897,1.390107451,2.100499378,1.612300216,2.330089838,2.944155678,2.164140619,1.544595974,2.807672243,1.210118977,2.801098651,0.934295541,-0.189047846,1.394080781,-0.379217042,1.304528977,-0.025445162,0.199588412,0.833308008,1.848315754,1.896153226,-0.219126802,-0.013473786,0.980231062,0.195911403,2.400548262,0.46875952,0.454234679,1.150192741,2.110013802,1.662509804,1.959516526,2.856246477,2.385017217,0.82087547,2.714583805,3.583483437,1.326045642,0.408158035,1.109746674,0.522348569,0.249291542,0.897941147
P95,2.212610626,2.279314976,1.624391268,1.190015545,3.63050871,1.899964504,3.427080356,2.337423858,1.437016477,1.987041518,3.141839893,1.3179241,1.569510252,2.271914591,0.009471286,0.994358501,1.720762661,2.180781982,-0.532129462,1.663740003,0.750563064,2.583204153,0.112862013,1.194092811,1.43053807,0.85117959,0.241267496,1.050508669,1.539735911,1.417340939,1.188619833,1.048597641,2.053378444,1.695561869,2.02491434,1.976096386,2.608167152,1.09977761,1.632823169,1.859546332,1.376126117,1.76032419,2.333694665,2.213592118,0.73296975,2.042918123,3.085882846,1.345495815,1.170688448,1.58832716,1.39775487,1.927580153,3.187223623,1.678196522,0.919421985,2.53225758,1.158081984,2.305852523,1.365094988,-0.169288691,1.142482139,-0.253818198,1.01821355,0.735038467,0.076393081,0.937999931,2.20838644,1.396102149,0.058800865,0.196644401,1.368598513,0.154871616,1.802973671,0.563554455,0.444486074,0.756939335,2.922343158,1.66708272,2.303469928,2.292504053,2.004950933,0.656754174,2.48482984,3.73654295,1.415413209,0.655350647,1.45312156,1.040255368,0.41882083,1.102210978
P96,2.015010477,2.186560253,1.58120945,0.963585723,3.220746045,1.860731633,3.330861017,2.3198457,1.396734243,1.849088975,2.969344884,1.209533356,1.35258947,1.888426348,-0.287071679,1.052046175,1.74097208,2.270145534,-0.79518123,1.484772747,0.816926086,2.522349709,-0.050008841,1.292605856,1.351679814,0.624261319,0.142430051,0.815670639,1.3934465,1.294181137,1.214562327,0.936964089,1.955534009,1.610971471,2.031771655,2.047347172,2.559549254,1.104406915,1.56553332,1.71666539,1.221590887,1.744450608,2.14801527,2.008639099,0.699753495,1.932844714,3.040930418,1.239995229,0.977874419,1.507311891,1.260905431,1.868172756,2.706388515,1.600030262,0.852006961,2.328601592,1.031782971,2.174455731,1.110078545,-0.288925105,1.202599477,-0.169671802,1.081481287,0.406331777,-0.154219921,1.084481228,2.024138595,1.332023405,-0.124848541,-0.002277361,1.167646518,0.063273401,1.782558076,0.512535953,0.384827897,0.532539765,2.821373998,1.584785912,2.13462981,2.370606555,1.95087916,0.541746184,2.375440408,3.682819645,1.324486338,0.396488919,1.321792935,1.090750641,0.151037848,0.865351074
P97,2.43419073,2.61584672,1.940198,1.2586327,3.2096258,2.35636803,3.43388223,2.40530653,1.63874598,2.16744745,3.18437736,1.29601233,2.42064058,2.14782709,0.06697182,1.36778135,1.84545947,2.61664277,-0.35058224,1.75609973,0.9994005,2.72723024,0.26579451,1.50426716,1.88239306,0.96776008,0.54291332,1.36608572,1.63132815,1.50455474,1.51610931,1.19405692,2.35549409,1.95138529,2.26663907,2.21775121,2.93407513,1.35852808,1.68104102,1.87220461,1.54411923,2.01510557,2.49021469,2.36432989,0.98336449,2.36244564,3.39278798,1.6109147,1.34480988,1.68441301,1.87615177,2.17712932,2.69705855,1.98323006,1.29256718,2.71106481,1.01597128,2.59202724,1.25536698,-0.0453124,1.44052025,-0.14273632,1.43886985,0.65462707,0.0543672,1.49298036,2.08197943,1.83662318,0.07312951,0.2493969,1.30956093,0.3649656,2.19486713,1.0643621,0.60835816,1.16933744,2.93081187,1.98562627,2.39515087,2.71553501,2.36108322,0.92809637,2.5912064,3.74259365,1.56331248,0.61221181,2.53991858,1.14959044,0.34113033,1.04946472
P98,2.4275408,2.1017813,1.45210663,1.19838347,2.47000087,2.43994254,3.31273573,2.11923538,1.54012495,1.98909303,3.53708843,1.57218566,2.16761094,2.08408272,-0.30862238,1.04343966,1.98467837,2.19103265,-0.41677378,1.58334176,1.01324343,2.08767289,0.22217494,1.57133647,0.51607859,0.37665657,-0.09547405,1.57561924,0.97384313,1.25969342,0.45421586,1.13880725,2.00419397,1.79795364,2.00924738,1.87181555,2.55348289,1.45368826,1.68783103,1.47439068,1.32856382,2.22548024,2.4034953,2.10734662,1.22794917,1.99988366,2.87386875,1.2108085,1.41249443,1.88471166,2.23581849,1.76844407,1.78488239,1.48153492,0.91083723,2.23267884,1.13219949,2.07812739,0.96330748,-0.17134573,1.28242366,-0.26010795,1.09447596,0.48655851,-0.13988325,1.65874729,1.38474335,0.81184023,-0.49212279,0.19872683,0.64567817,-0.05973567,1.33330751,1.64280985,0.3339634,0.46463346,2.52746519,1.85872321,2.90639928,2.11653276,1.84173077,0.73554651,2.28842685,3.60996194,1.63788202,0.57836372,2.82734688,1.14596346,0.67330456,0.98260316
P99,2.526133134,1.920737297,1.081119879,1.570212887,2.000928762,2.506924917,3.671967962,2.119186473,1.664784472,2.530077464,4.185457577,1.988419357,2.387976876,2.669014423,-0.296666931,1.295327526,2.034755274,2.184934793,-0.087965416,1.645879431,0.98805727,2.709093601,0.416111155,2.039148544,0.799776225,0.850608396,0.385241186,1.621177654,1.818855444,2.449494075,1.196511769,1.9317254,2.480356302,2.76546856,2.474173091,2.542980646,2.840438348,1.893385185,2.285092767,2.400156512,2.107329638,2.460951513,2.12583501,1.720889223,0.434673364,2.18077735,1.983443888,0.812227861,1.470953757,2.387554235,2.068123392,2.382126289,2.017706436,1.516960932,0.875596041,2.561029417,1.684256303,1.949458204,1.306757558,-0.294327659,1.245005132,-0.681799633,1.091760403,0.987240772,0.000429442,1.444327943,1.462449882,1.244062593,0.191154892,0.346118642,0.953368625,0.429136121,1.532691212,1.59557537,1.107981172,0.564721401,3.006550411,1.977209686,2.482587716,2.335002562,2.322948707,1.324318755,2.686757294,3.924407303,2.200277947,1.281997626,1.549741225,1.071983067,0.316374029,0.728137507
P100,2.60227269,2.25358061,1.06175015,1.391987,1.71356109,1.40050019,3.2961713,1.7607121,1.37291039,2.00944372,3.75518485,2.43162492,1.91101881,2.34763112,-0.53590737,1.37742553,2.1514852,1.98120321,-0.25977428,1.79610137,1.60093614,2.39721229,0.54700009,1.7714452,0.42195584,1.00172121,0.45359678,1.90333042,1.80916546,2.29628571,1.11916981,1.68692201,2.30808925,2.05905986,2.28015259,2.14370206,2.48854195,1.55060354,1.74990726,1.84213941,1.63092476,2.50513582,1.93148251,1.42005747,0.38001858,2.14896866,1.9595881,0.85503717,1.22596896,2.49512261,1.54273069,1.87462245,1.76673136,1.28055282,0.61212703,2.33189001,1.57931732,1.78992343,1.10532973,-0.5750796,1.40525487,0.13804963,1.01892259,0.74571225,0.23230345,1.77834308,1.16989503,1.03090607,0.27097061,0.10391619,1.27584266,0.61848068,1.41848948,1.49856672,0.97397252,0.34501434,2.7879229,1.80043625,2.60755991,2.01246849,1.65331709,1.15312447,2.42843429,3.79151497,1.99178859,1.01290799,1.40322291,0.97107631,0.02139423,0.70897746
